工厂代码,产线编码,日期,班次,班次代码,员工工号,岗位编码,岗位名称,是否关键岗,技能等级,计薪工时(h),标准工时(h),当日加班工时(h),该班次换型等级,实验编号
SX,ASEPTIC-A,2026-10-01,白班,DAY,DEMO-XEMP-ASEPTIC-A-X02-04,POS-ASEPTIC,无菌操作岗,是,4,9.5,8,1.5,常规,SC12
SX,ASEPTIC-A,2026-10-01,白班,DAY,DEMO-XEMP-ASEPTIC-A-X02-02,POS-LOGISTICS,物料配送岗,否,4,8.0,8,0.0,常规,SC12
SX,ASEPTIC-A,2026-10-01,白班,DAY,DEMO-XEMP-ASEPTIC-A-X04-03,POS-QUALITY,质量抽检岗,是,5,8.0,8,0.0,常规,SC12
SX,ASEPTIC-B,2026-10-01,白班,DAY,DEMO-XEMP-ASEPTIC-B-X02-02,POS-ASEPTIC,无菌操作岗,是,1,8.0,8,0.0,常规,SC12
SX,ASEPTIC-B,2026-10-01,白班,DAY,DEMO-XEMP-ASEPTIC-B-X02-04,POS-LOGISTICS,物料配送岗,否,4,8.0,8,0.0,常规,SC12
SX,ASEPTIC-B,2026-10-01,白班,DAY,DEMO-XEMP-ASEPTIC-B-X04-02,POS-PACK,塑包机岗,否,3,8.0,8,0.0,常规,SC12
SX,ASEPTIC-B,2026-10-01,白班,DAY,DEMO-XEMP-ASEPTIC-B-X03-03,POS-QUALITY,质量抽检岗,是,4,8.0,8,0.0,常规,SC12
SX,ASEPTIC-C,2026-10-01,白班,DAY,DEMO-XEMP-ASEPTIC-C-X02-04,POS-ASEPTIC,无菌操作岗,是,5,9.5,8,1.5,常规,SC12
SX,ASEPTIC-C,2026-10-01,白班,DAY,DEMO-XEMP-ASEPTIC-C-X04-04,POS-LOGISTICS,物料配送岗,否,4,8.0,8,0.0,常规,SC12
SX,ASEPTIC-C,2026-10-01,白班,DAY,DEMO-XEMP-ASEPTIC-C-X02-02,POS-PACK,塑包机岗,否,2,8.0,8,0.0,常规,SC12
SX,ASEPTIC-C,2026-10-01,白班,DAY,DEMO-XEMP-ASEPTIC-C-X01-03,POS-QUALITY,质量抽检岗,是,3,8.0,8,0.0,常规,SC12
HB,PET-01,2026-10-01,白班,DAY,DEMO-XEMP-PET-01-X02-04,POS-BLOW,吹贴机岗,否,5,9.5,8,1.5,常规,SC12
HB,PET-01,2026-10-01,白班,DAY,DEMO-XEMP-PET-01-X04-04,POS-FILL,灌注机岗,是,4,8.0,8,0.0,常规,SC12
HB,PET-01,2026-10-01,白班,DAY,DEMO-XEMP-PET-01-X02-02,POS-PACK,塑包机岗,否,4,9.5,8,1.5,常规,SC12
HB,PET-01,2026-10-01,白班,DAY,DEMO-XEMP-PET-01-X04-03,POS-QUALITY,质量抽检岗,是,4,8.0,8,0.0,常规,SC12
HB,PET-02,2026-10-01,白班,DAY,DEMO-XEMP-PET-02-X02-02,POS-BLOW,吹贴机岗,否,3,8.0,8,0.0,常规,SC12
HB,PET-02,2026-10-01,白班,DAY,DEMO-XEMP-PET-02-X02-04,POS-FILL,灌注机岗,是,2,9.5,8,1.5,常规,SC12
HB,PET-02,2026-10-01,白班,DAY,DEMO-XEMP-PET-02-X04-04,POS-PACK,塑包机岗,否,2,8.0,8,0.0,常规,SC12
HB,PET-02,2026-10-01,白班,DAY,DEMO-XEMP-PET-02-X01-03,POS-QUALITY,质量抽检岗,是,4,8.0,8,0.0,常规,SC12
HB,PET-03,2026-10-01,白班,DAY,DEMO-XEMP-PET-03-X02-02,POS-BLOW,吹贴机岗,否,5,8.0,8,0.0,常规,SC12
HB,PET-03,2026-10-01,白班,DAY,DEMO-XEMP-PET-03-X02-04,POS-FILL,灌注机岗,是,2,9.5,8,1.5,常规,SC12
HB,PET-03,2026-10-01,白班,DAY,DEMO-XEMP-PET-03-X04-04,POS-PACK,塑包机岗,否,5,8.0,8,0.0,常规,SC12
HB,PET-03,2026-10-01,白班,DAY,DEMO-XEMP-PET-03-X04-03,POS-QUALITY,质量抽检岗,是,1,8.0,8,0.0,常规,SC12
SX,ASEPTIC-A,2026-10-01,夜班,NIGHT,DEMO-XEMP-ASEPTIC-A-X03-03,POS-ASEPTIC,无菌操作岗,是,5,9.5,8,1.5,常规,SC12
SX,ASEPTIC-A,2026-10-01,夜班,NIGHT,DEMO-XEMP-ASEPTIC-A-X04-04,POS-LOGISTICS,物料配送岗,否,1,8.0,8,0.0,常规,SC12
SX,ASEPTIC-A,2026-10-01,夜班,NIGHT,DEMO-XEMP-ASEPTIC-A-X01-03,POS-PACK,塑包机岗,否,5,9.5,8,1.5,常规,SC12
SX,ASEPTIC-A,2026-10-01,夜班,NIGHT,DEMO-XEMP-ASEPTIC-A-X02-03,POS-QUALITY,质量抽检岗,是,1,8.0,8,0.0,常规,SC12
SX,ASEPTIC-B,2026-10-01,夜班,NIGHT,DEMO-XEMP-ASEPTIC-B-X04-03,POS-ASEPTIC,无菌操作岗,是,5,8.0,8,0.0,常规,SC12
SX,ASEPTIC-B,2026-10-01,夜班,NIGHT,DEMO-XEMP-ASEPTIC-B-X04-04,POS-LOGISTICS,物料配送岗,否,3,9.5,8,1.5,常规,SC12
SX,ASEPTIC-B,2026-10-01,夜班,NIGHT,DEMO-XEMP-ASEPTIC-B-X01-03,POS-PACK,塑包机岗,否,5,9.5,8,1.5,常规,SC12
SX,ASEPTIC-B,2026-10-01,夜班,NIGHT,DEMO-XEMP-ASEPTIC-B-X02-03,POS-QUALITY,质量抽检岗,是,1,9.5,8,1.5,常规,SC12
SX,ASEPTIC-C,2026-10-01,夜班,NIGHT,DEMO-XEMP-ASEPTIC-C-X04-01,POS-ASEPTIC,无菌操作岗,是,2,8.0,8,0.0,常规,SC12
SX,ASEPTIC-C,2026-10-01,夜班,NIGHT,DEMO-XEMP-ASEPTIC-C-X04-02,POS-LOGISTICS,物料配送岗,否,1,9.5,8,1.5,常规,SC12
SX,ASEPTIC-C,2026-10-01,夜班,NIGHT,DEMO-XEMP-ASEPTIC-C-X03-02,POS-PACK,塑包机岗,否,5,8.0,8,0.0,常规,SC12
HB,PET-01,2026-10-01,夜班,NIGHT,DEMO-XEMP-PET-01-X04-02,POS-BLOW,吹贴机岗,否,3,9.5,8,1.5,常规,SC12
HB,PET-01,2026-10-01,夜班,NIGHT,DEMO-XEMP-PET-01-X03-03,POS-FILL,灌注机岗,是,3,8.0,8,0.0,常规,SC12
HB,PET-01,2026-10-01,夜班,NIGHT,DEMO-XEMP-PET-01-X01-03,POS-PACK,塑包机岗,否,3,9.5,8,1.5,常规,SC12
HB,PET-01,2026-10-01,夜班,NIGHT,DEMO-XEMP-PET-01-X02-01,POS-QUALITY,质量抽检岗,是,2,8.0,8,0.0,常规,SC12
HB,PET-02,2026-10-01,夜班,NIGHT,DEMO-XEMP-PET-02-X04-02,POS-BLOW,吹贴机岗,否,3,9.5,8,1.5,常规,SC12
HB,PET-02,2026-10-01,夜班,NIGHT,DEMO-XEMP-PET-02-X02-01,POS-FILL,灌注机岗,是,4,9.5,8,1.5,常规,SC12
HB,PET-02,2026-10-01,夜班,NIGHT,DEMO-XEMP-PET-02-X04-03,POS-PACK,塑包机岗,否,2,8.0,8,0.0,常规,SC12
HB,PET-02,2026-10-01,夜班,NIGHT,DEMO-XEMP-PET-02-X03-03,POS-QUALITY,质量抽检岗,是,5,8.0,8,0.0,常规,SC12
HB,PET-03,2026-10-01,夜班,NIGHT,DEMO-XEMP-PET-03-X04-02,POS-BLOW,吹贴机岗,否,5,8.0,8,0.0,常规,SC12
HB,PET-03,2026-10-01,夜班,NIGHT,DEMO-XEMP-PET-03-X03-04,POS-FILL,灌注机岗,是,5,8.0,8,0.0,常规,SC12
HB,PET-03,2026-10-01,夜班,NIGHT,DEMO-XEMP-PET-03-X02-01,POS-PACK,塑包机岗,否,3,8.0,8,0.0,常规,SC12
HB,PET-03,2026-10-01,夜班,NIGHT,DEMO-XEMP-PET-03-X01-04,POS-QUALITY,质量抽检岗,是,2,8.0,8,0.0,常规,SC12
SX,ASEPTIC-A,2026-10-02,白班,DAY,DEMO-XEMP-ASEPTIC-A-X02-02,POS-ASEPTIC,无菌操作岗,是,1,8.0,8,0.0,常规,SC12
SX,ASEPTIC-A,2026-10-02,白班,DAY,DEMO-XEMP-ASEPTIC-A-X02-04,POS-LOGISTICS,物料配送岗,否,1,8.0,8,0.0,常规,SC12
SX,ASEPTIC-A,2026-10-02,白班,DAY,DEMO-XEMP-ASEPTIC-A-X04-02,POS-PACK,塑包机岗,否,5,8.0,8,0.0,常规,SC12
SX,ASEPTIC-A,2026-10-02,白班,DAY,DEMO-XEMP-ASEPTIC-A-X04-03,POS-QUALITY,质量抽检岗,是,5,9.5,8,1.5,常规,SC12
SX,ASEPTIC-B,2026-10-02,白班,DAY,DEMO-XEMP-ASEPTIC-B-X02-04,POS-ASEPTIC,无菌操作岗,是,3,9.5,8,1.5,常规,SC12
SX,ASEPTIC-B,2026-10-02,白班,DAY,DEMO-XEMP-ASEPTIC-B-X02-02,POS-LOGISTICS,物料配送岗,否,5,8.0,8,0.0,常规,SC12
SX,ASEPTIC-B,2026-10-02,白班,DAY,DEMO-XEMP-ASEPTIC-B-X04-02,POS-PACK,塑包机岗,否,3,8.0,8,0.0,常规,SC12
SX,ASEPTIC-B,2026-10-02,白班,DAY,DEMO-XEMP-ASEPTIC-B-X03-03,POS-QUALITY,质量抽检岗,是,4,8.0,8,0.0,常规,SC12
SX,ASEPTIC-C,2026-10-02,白班,DAY,DEMO-XEMP-ASEPTIC-C-X02-02,POS-ASEPTIC,无菌操作岗,是,3,8.0,8,0.0,常规,SC12
SX,ASEPTIC-C,2026-10-02,白班,DAY,DEMO-XEMP-ASEPTIC-C-X02-04,POS-LOGISTICS,物料配送岗,否,3,8.0,8,0.0,常规,SC12
SX,ASEPTIC-C,2026-10-02,白班,DAY,DEMO-XEMP-ASEPTIC-C-X03-03,POS-QUALITY,质量抽检岗,是,1,9.5,8,1.5,常规,SC12
HB,PET-01,2026-10-02,白班,DAY,DEMO-XEMP-PET-01-X02-02,POS-BLOW,吹贴机岗,否,2,9.5,8,1.5,常规,SC12
HB,PET-01,2026-10-02,白班,DAY,DEMO-XEMP-PET-01-X02-04,POS-FILL,灌注机岗,是,3,9.5,8,1.5,常规,SC12
HB,PET-01,2026-10-02,白班,DAY,DEMO-XEMP-PET-01-X04-04,POS-PACK,塑包机岗,否,4,8.0,8,0.0,常规,SC12
HB,PET-01,2026-10-02,白班,DAY,DEMO-XEMP-PET-01-X04-03,POS-QUALITY,质量抽检岗,是,4,9.5,8,1.5,常规,SC12
HB,PET-02,2026-10-02,白班,DAY,DEMO-XEMP-PET-02-X02-02,POS-BLOW,吹贴机岗,否,3,8.0,8,0.0,常规,SC12
HB,PET-02,2026-10-02,白班,DAY,DEMO-XEMP-PET-02-X02-04,POS-FILL,灌注机岗,是,2,8.0,8,0.0,常规,SC12
HB,PET-02,2026-10-02,白班,DAY,DEMO-XEMP-PET-02-X04-04,POS-PACK,塑包机岗,否,2,8.0,8,0.0,常规,SC12
HB,PET-02,2026-10-02,白班,DAY,DEMO-XEMP-PET-02-X01-03,POS-QUALITY,质量抽检岗,是,4,9.5,8,1.5,常规,SC12
HB,PET-03,2026-10-02,白班,DAY,DEMO-XEMP-PET-03-X02-04,POS-BLOW,吹贴机岗,否,4,8.0,8,0.0,常规,SC12
HB,PET-03,2026-10-02,白班,DAY,DEMO-XEMP-PET-03-X04-04,POS-FILL,灌注机岗,是,3,8.0,8,0.0,常规,SC12
HB,PET-03,2026-10-02,白班,DAY,DEMO-XEMP-PET-03-X02-02,POS-PACK,塑包机岗,否,2,9.5,8,1.5,常规,SC12
HB,PET-03,2026-10-02,白班,DAY,DEMO-XEMP-PET-03-X03-03,POS-QUALITY,质量抽检岗,是,4,9.5,8,1.5,常规,SC12
SX,ASEPTIC-A,2026-10-02,夜班,NIGHT,DEMO-XEMP-ASEPTIC-A-X02-01,POS-ASEPTIC,无菌操作岗,是,2,8.0,8,0.0,常规,SC12
SX,ASEPTIC-A,2026-10-02,夜班,NIGHT,DEMO-XEMP-ASEPTIC-A-X04-04,POS-LOGISTICS,物料配送岗,否,1,9.5,8,1.5,常规,SC12
SX,ASEPTIC-A,2026-10-02,夜班,NIGHT,DEMO-XEMP-ASEPTIC-A-X01-03,POS-PACK,塑包机岗,否,5,8.0,8,0.0,常规,SC12
SX,ASEPTIC-A,2026-10-02,夜班,NIGHT,DEMO-XEMP-ASEPTIC-A-X03-03,POS-QUALITY,质量抽检岗,是,5,8.0,8,0.0,常规,SC12
SX,ASEPTIC-B,2026-10-02,夜班,NIGHT,DEMO-XEMP-ASEPTIC-B-X04-03,POS-ASEPTIC,无菌操作岗,是,5,8.0,8,0.0,常规,SC12
SX,ASEPTIC-B,2026-10-02,夜班,NIGHT,DEMO-XEMP-ASEPTIC-B-X04-04,POS-LOGISTICS,物料配送岗,否,3,8.0,8,0.0,常规,SC12
SX,ASEPTIC-B,2026-10-02,夜班,NIGHT,DEMO-XEMP-ASEPTIC-B-X03-02,POS-PACK,塑包机岗,否,4,8.0,8,0.0,常规,SC12
SX,ASEPTIC-B,2026-10-02,夜班,NIGHT,DEMO-XEMP-ASEPTIC-B-X01-03,POS-QUALITY,质量抽检岗,是,5,9.5,8,1.5,常规,SC12
SX,ASEPTIC-C,2026-10-02,夜班,NIGHT,DEMO-XEMP-ASEPTIC-C-X04-03,POS-ASEPTIC,无菌操作岗,是,2,8.0,8,0.0,常规,SC12
SX,ASEPTIC-C,2026-10-02,夜班,NIGHT,DEMO-XEMP-ASEPTIC-C-X04-04,POS-LOGISTICS,物料配送岗,否,4,8.0,8,0.0,常规,SC12
SX,ASEPTIC-C,2026-10-02,夜班,NIGHT,DEMO-XEMP-ASEPTIC-C-X01-03,POS-QUALITY,质量抽检岗,是,3,8.0,8,0.0,常规,SC12
HB,PET-01,2026-10-02,夜班,NIGHT,DEMO-XEMP-PET-01-X04-02,POS-BLOW,吹贴机岗,否,3,8.0,8,0.0,常规,SC12
HB,PET-01,2026-10-02,夜班,NIGHT,DEMO-XEMP-PET-01-X03-04,POS-FILL,灌注机岗,是,4,8.0,8,0.0,常规,SC12
HB,PET-01,2026-10-02,夜班,NIGHT,DEMO-XEMP-PET-01-X03-03,POS-PACK,塑包机岗,否,5,8.0,8,0.0,常规,SC12
HB,PET-01,2026-10-02,夜班,NIGHT,DEMO-XEMP-PET-01-X01-03,POS-QUALITY,质量抽检岗,是,1,8.0,8,0.0,常规,SC12
HB,PET-02,2026-10-02,夜班,NIGHT,DEMO-XEMP-PET-02-X04-02,POS-BLOW,吹贴机岗,否,3,8.0,8,0.0,常规,SC12
HB,PET-02,2026-10-02,夜班,NIGHT,DEMO-XEMP-PET-02-X04-01,POS-FILL,灌注机岗,是,3,8.0,8,0.0,常规,SC12
HB,PET-02,2026-10-02,夜班,NIGHT,DEMO-XEMP-PET-02-X03-03,POS-PACK,塑包机岗,否,2,8.0,8,0.0,常规,SC12
HB,PET-02,2026-10-02,夜班,NIGHT,DEMO-XEMP-PET-02-X04-03,POS-QUALITY,质量抽检岗,是,1,9.5,8,1.5,常规,SC12
HB,PET-03,2026-10-02,夜班,NIGHT,DEMO-XEMP-PET-03-X04-02,POS-BLOW,吹贴机岗,否,5,8.0,8,0.0,常规,SC12
HB,PET-03,2026-10-02,夜班,NIGHT,DEMO-XEMP-PET-03-X04-01,POS-FILL,灌注机岗,是,5,8.0,8,0.0,常规,SC12
HB,PET-03,2026-10-02,夜班,NIGHT,DEMO-XEMP-PET-03-X03-04,POS-PACK,塑包机岗,否,3,8.0,8,0.0,常规,SC12
HB,PET-03,2026-10-02,夜班,NIGHT,DEMO-XEMP-PET-03-X02-01,POS-QUALITY,质量抽检岗,是,3,9.5,8,1.5,常规,SC12
SX,ASEPTIC-A,2026-10-03,白班,DAY,DEMO-XEMP-ASEPTIC-A-X02-04,POS-ASEPTIC,无菌操作岗,是,4,8.0,8,0.0,常规,SC12
SX,ASEPTIC-A,2026-10-03,白班,DAY,DEMO-XEMP-ASEPTIC-A-X02-02,POS-LOGISTICS,物料配送岗,否,4,8.0,8,0.0,常规,SC12
SX,ASEPTIC-A,2026-10-03,白班,DAY,DEMO-XEMP-ASEPTIC-A-X04-02,POS-PACK,塑包机岗,否,5,8.0,8,0.0,常规,SC12
SX,ASEPTIC-A,2026-10-03,白班,DAY,DEMO-XEMP-ASEPTIC-A-X04-03,POS-QUALITY,质量抽检岗,是,5,9.5,8,1.5,常规,SC12
SX,ASEPTIC-B,2026-10-03,白班,DAY,DEMO-XEMP-ASEPTIC-B-X02-04,POS-ASEPTIC,无菌操作岗,是,3,8.0,8,0.0,常规,SC12
SX,ASEPTIC-B,2026-10-03,白班,DAY,DEMO-XEMP-ASEPTIC-B-X02-02,POS-LOGISTICS,物料配送岗,否,5,8.0,8,0.0,常规,SC12
SX,ASEPTIC-B,2026-10-03,白班,DAY,DEMO-XEMP-ASEPTIC-B-X04-02,POS-PACK,塑包机岗,否,3,8.0,8,0.0,常规,SC12
SX,ASEPTIC-C,2026-10-03,白班,DAY,DEMO-XEMP-ASEPTIC-C-X02-04,POS-ASEPTIC,无菌操作岗,是,5,9.5,8,1.5,常规,SC12
SX,ASEPTIC-C,2026-10-03,白班,DAY,DEMO-XEMP-ASEPTIC-C-X02-02,POS-LOGISTICS,物料配送岗,否,2,8.0,8,0.0,常规,SC12
SX,ASEPTIC-C,2026-10-03,白班,DAY,DEMO-XEMP-ASEPTIC-C-X03-03,POS-QUALITY,质量抽检岗,是,1,8.0,8,0.0,常规,SC12
HB,PET-01,2026-10-03,白班,DAY,DEMO-XEMP-PET-01-X02-04,POS-PACK,塑包机岗,否,3,8.0,8,0.0,常规,SC12
HB,PET-01,2026-10-03,白班,DAY,DEMO-XEMP-PET-01-X02-02,POS-QUALITY,质量抽检岗,是,3,8.0,8,0.0,常规,SC12
HB,PET-02,2026-10-03,白班,DAY,DEMO-XEMP-PET-02-X02-02,POS-BLOW,吹贴机岗,否,3,8.0,8,0.0,常规,SC12
HB,PET-02,2026-10-03,白班,DAY,DEMO-XEMP-PET-02-X02-04,POS-FILL,灌注机岗,是,2,8.0,8,0.0,常规,SC12
HB,PET-02,2026-10-03,白班,DAY,DEMO-XEMP-PET-02-X04-04,POS-PACK,塑包机岗,否,2,8.0,8,0.0,常规,SC12
HB,PET-02,2026-10-03,白班,DAY,DEMO-XEMP-PET-02-X01-03,POS-QUALITY,质量抽检岗,是,4,8.0,8,0.0,常规,SC12
HB,PET-03,2026-10-03,白班,DAY,DEMO-XEMP-PET-03-X02-02,POS-BLOW,吹贴机岗,否,5,8.0,8,0.0,常规,SC12
HB,PET-03,2026-10-03,白班,DAY,DEMO-XEMP-PET-03-X02-04,POS-PACK,塑包机岗,否,4,8.0,8,0.0,常规,SC12
HB,PET-03,2026-10-03,白班,DAY,DEMO-XEMP-PET-03-X01-03,POS-QUALITY,质量抽检岗,是,2,8.0,8,0.0,常规,SC12
SX,ASEPTIC-A,2026-10-03,夜班,NIGHT,DEMO-XEMP-ASEPTIC-A-X04-01,POS-ASEPTIC,无菌操作岗,是,1,8.0,8,0.0,常规,SC12
SX,ASEPTIC-A,2026-10-03,夜班,NIGHT,DEMO-XEMP-ASEPTIC-A-X04-04,POS-LOGISTICS,物料配送岗,否,1,9.5,8,1.5,常规,SC12
SX,ASEPTIC-A,2026-10-03,夜班,NIGHT,DEMO-XEMP-ASEPTIC-A-X01-03,POS-PACK,塑包机岗,否,5,8.0,8,0.0,常规,SC12
SX,ASEPTIC-A,2026-10-03,夜班,NIGHT,DEMO-XEMP-ASEPTIC-A-X03-03,POS-QUALITY,质量抽检岗,是,5,8.0,8,0.0,常规,SC12
SX,ASEPTIC-B,2026-10-03,夜班,NIGHT,DEMO-XEMP-ASEPTIC-B-X01-03,POS-ASEPTIC,无菌操作岗,是,5,9.5,8,1.5,常规,SC12
SX,ASEPTIC-B,2026-10-03,夜班,NIGHT,DEMO-XEMP-ASEPTIC-B-X04-04,POS-LOGISTICS,物料配送岗,否,3,8.0,8,0.0,常规,SC12
SX,ASEPTIC-B,2026-10-03,夜班,NIGHT,DEMO-XEMP-ASEPTIC-B-X03-03,POS-QUALITY,质量抽检岗,是,4,8.0,8,0.0,常规,SC12
SX,ASEPTIC-C,2026-10-03,夜班,NIGHT,DEMO-XEMP-ASEPTIC-C-X04-04,POS-LOGISTICS,物料配送岗,否,4,9.5,8,1.5,常规,SC12
SX,ASEPTIC-C,2026-10-03,夜班,NIGHT,DEMO-XEMP-ASEPTIC-C-X04-02,POS-PACK,塑包机岗,否,5,9.5,8,1.5,常规,SC12
SX,ASEPTIC-C,2026-10-03,夜班,NIGHT,DEMO-XEMP-ASEPTIC-C-X04-03,POS-QUALITY,质量抽检岗,是,5,9.5,8,1.5,常规,SC12
HB,PET-01,2026-10-03,夜班,NIGHT,DEMO-XEMP-PET-01-X04-04,POS-FILL,灌注机岗,是,4,8.0,8,0.0,常规,SC12
HB,PET-01,2026-10-03,夜班,NIGHT,DEMO-XEMP-PET-01-X03-04,POS-PACK,塑包机岗,否,1,8.0,8,0.0,常规,SC12
HB,PET-01,2026-10-03,夜班,NIGHT,DEMO-XEMP-PET-01-X04-03,POS-QUALITY,质量抽检岗,是,4,8.0,8,0.0,常规,SC12
HB,PET-02,2026-10-03,夜班,NIGHT,DEMO-XEMP-PET-02-X04-02,POS-BLOW,吹贴机岗,否,3,9.5,8,1.5,常规,SC12
HB,PET-02,2026-10-03,夜班,NIGHT,DEMO-XEMP-PET-02-X04-01,POS-FILL,灌注机岗,是,3,8.0,8,0.0,常规,SC12
HB,PET-02,2026-10-03,夜班,NIGHT,DEMO-XEMP-PET-02-X03-03,POS-PACK,塑包机岗,否,2,8.0,8,0.0,常规,SC12
HB,PET-02,2026-10-03,夜班,NIGHT,DEMO-XEMP-PET-02-X04-03,POS-QUALITY,质量抽检岗,是,1,8.0,8,0.0,常规,SC12
HB,PET-03,2026-10-03,夜班,NIGHT,DEMO-XEMP-PET-03-X04-04,POS-BLOW,吹贴机岗,否,5,9.5,8,1.5,常规,SC12
HB,PET-03,2026-10-03,夜班,NIGHT,DEMO-XEMP-PET-03-X04-01,POS-FILL,灌注机岗,是,5,8.0,8,0.0,常规,SC12
HB,PET-03,2026-10-03,夜班,NIGHT,DEMO-XEMP-PET-03-X03-04,POS-PACK,塑包机岗,否,3,8.0,8,0.0,常规,SC12
HB,PET-03,2026-10-03,夜班,NIGHT,DEMO-XEMP-PET-03-X02-01,POS-QUALITY,质量抽检岗,是,3,8.0,8,0.0,常规,SC12
SX,ASEPTIC-A,2026-10-04,白班,DAY,DEMO-XEMP-ASEPTIC-A-X02-04,POS-ASEPTIC,无菌操作岗,是,4,8.0,8,0.0,常规,SC12
SX,ASEPTIC-A,2026-10-04,白班,DAY,DEMO-XEMP-ASEPTIC-A-X02-02,POS-LOGISTICS,物料配送岗,否,4,8.0,8,0.0,常规,SC12
SX,ASEPTIC-A,2026-10-04,白班,DAY,DEMO-XEMP-ASEPTIC-A-X04-02,POS-PACK,塑包机岗,否,5,9.5,8,1.5,常规,SC12
SX,ASEPTIC-A,2026-10-04,白班,DAY,DEMO-XEMP-ASEPTIC-A-X04-03,POS-QUALITY,质量抽检岗,是,5,8.0,8,0.0,常规,SC12
SX,ASEPTIC-B,2026-10-04,白班,DAY,DEMO-XEMP-ASEPTIC-B-X02-02,POS-ASEPTIC,无菌操作岗,是,1,9.5,8,1.5,常规,SC12
SX,ASEPTIC-B,2026-10-04,白班,DAY,DEMO-XEMP-ASEPTIC-B-X02-04,POS-LOGISTICS,物料配送岗,否,4,8.0,8,0.0,常规,SC12
SX,ASEPTIC-B,2026-10-04,白班,DAY,DEMO-XEMP-ASEPTIC-B-X04-02,POS-PACK,塑包机岗,否,3,9.5,8,1.5,常规,SC12
SX,ASEPTIC-B,2026-10-04,白班,DAY,DEMO-XEMP-ASEPTIC-B-X04-03,POS-QUALITY,质量抽检岗,是,4,8.0,8,0.0,常规,SC12
SX,ASEPTIC-C,2026-10-04,白班,DAY,DEMO-XEMP-ASEPTIC-C-X02-04,POS-ASEPTIC,无菌操作岗,是,5,9.5,8,1.5,常规,SC12
SX,ASEPTIC-C,2026-10-04,白班,DAY,DEMO-XEMP-ASEPTIC-C-X02-02,POS-LOGISTICS,物料配送岗,否,2,8.0,8,0.0,常规,SC12
SX,ASEPTIC-C,2026-10-04,白班,DAY,DEMO-XEMP-ASEPTIC-C-X03-02,POS-PACK,塑包机岗,否,5,8.0,8,0.0,常规,SC12
SX,ASEPTIC-C,2026-10-04,白班,DAY,DEMO-XEMP-ASEPTIC-C-X01-03,POS-QUALITY,质量抽检岗,是,3,8.0,8,0.0,常规,SC12
HB,PET-01,2026-10-04,白班,DAY,DEMO-XEMP-PET-01-X02-04,POS-BLOW,吹贴机岗,否,5,8.0,8,0.0,常规,SC12
HB,PET-01,2026-10-04,白班,DAY,DEMO-XEMP-PET-01-X02-02,POS-FILL,灌注机岗,是,3,8.0,8,0.0,常规,SC12
HB,PET-01,2026-10-04,白班,DAY,DEMO-XEMP-PET-01-X01-03,POS-PACK,塑包机岗,否,3,9.5,8,1.5,常规,SC12
HB,PET-01,2026-10-04,白班,DAY,DEMO-XEMP-PET-01-X03-03,POS-QUALITY,质量抽检岗,是,1,8.0,8,0.0,常规,SC12
HB,PET-02,2026-10-04,白班,DAY,DEMO-XEMP-PET-02-X02-04,POS-BLOW,吹贴机岗,否,2,8.0,8,0.0,常规,SC12
HB,PET-02,2026-10-04,白班,DAY,DEMO-XEMP-PET-02-X02-02,POS-FILL,灌注机岗,是,1,9.5,8,1.5,常规,SC12
HB,PET-02,2026-10-04,白班,DAY,DEMO-XEMP-PET-02-X04-04,POS-PACK,塑包机岗,否,2,8.0,8,0.0,常规,SC12
HB,PET-02,2026-10-04,白班,DAY,DEMO-XEMP-PET-02-X01-03,POS-QUALITY,质量抽检岗,是,4,8.0,8,0.0,常规,SC12
HB,PET-03,2026-10-04,白班,DAY,DEMO-XEMP-PET-03-X02-04,POS-FILL,灌注机岗,是,2,9.5,8,1.5,常规,SC12
HB,PET-03,2026-10-04,白班,DAY,DEMO-XEMP-PET-03-X02-02,POS-PACK,塑包机岗,否,2,8.0,8,0.0,常规,SC12
HB,PET-03,2026-10-04,白班,DAY,DEMO-XEMP-PET-03-X01-03,POS-QUALITY,质量抽检岗,是,2,8.0,8,0.0,常规,SC12
SX,ASEPTIC-A,2026-10-04,夜班,NIGHT,DEMO-XEMP-ASEPTIC-A-X02-01,POS-ASEPTIC,无菌操作岗,是,2,9.5,8,1.5,常规,SC12
SX,ASEPTIC-A,2026-10-04,夜班,NIGHT,DEMO-XEMP-ASEPTIC-A-X04-04,POS-LOGISTICS,物料配送岗,否,1,8.0,8,0.0,常规,SC12
SX,ASEPTIC-A,2026-10-04,夜班,NIGHT,DEMO-XEMP-ASEPTIC-A-X01-03,POS-PACK,塑包机岗,否,5,9.5,8,1.5,常规,SC12
SX,ASEPTIC-A,2026-10-04,夜班,NIGHT,DEMO-XEMP-ASEPTIC-A-X03-03,POS-QUALITY,质量抽检岗,是,5,8.0,8,0.0,常规,SC12
SX,ASEPTIC-B,2026-10-04,夜班,NIGHT,DEMO-XEMP-ASEPTIC-B-X04-04,POS-ASEPTIC,无菌操作岗,是,4,8.0,8,0.0,常规,SC12
SX,ASEPTIC-B,2026-10-04,夜班,NIGHT,DEMO-XEMP-ASEPTIC-B-X03-04,POS-LOGISTICS,物料配送岗,否,2,8.0,8,0.0,常规,SC12
SX,ASEPTIC-B,2026-10-04,夜班,NIGHT,DEMO-XEMP-ASEPTIC-B-X03-02,POS-PACK,塑包机岗,否,4,8.0,8,0.0,常规,SC12
SX,ASEPTIC-B,2026-10-04,夜班,NIGHT,DEMO-XEMP-ASEPTIC-B-X01-03,POS-QUALITY,质量抽检岗,是,5,9.5,8,1.5,常规,SC12
SX,ASEPTIC-C,2026-10-04,夜班,NIGHT,DEMO-XEMP-ASEPTIC-C-X02-01,POS-ASEPTIC,无菌操作岗,是,2,9.5,8,1.5,常规,SC12
SX,ASEPTIC-C,2026-10-04,夜班,NIGHT,DEMO-XEMP-ASEPTIC-C-X04-04,POS-LOGISTICS,物料配送岗,否,4,8.0,8,0.0,常规,SC12
SX,ASEPTIC-C,2026-10-04,夜班,NIGHT,DEMO-XEMP-ASEPTIC-C-X04-02,POS-PACK,塑包机岗,否,5,8.0,8,0.0,常规,SC12
SX,ASEPTIC-C,2026-10-04,夜班,NIGHT,DEMO-XEMP-ASEPTIC-C-X03-03,POS-QUALITY,质量抽检岗,是,1,8.0,8,0.0,常规,SC12
HB,PET-01,2026-10-04,夜班,NIGHT,DEMO-XEMP-PET-01-X04-02,POS-BLOW,吹贴机岗,否,3,9.5,8,1.5,常规,SC12
HB,PET-01,2026-10-04,夜班,NIGHT,DEMO-XEMP-PET-01-X04-04,POS-FILL,灌注机岗,是,4,9.5,8,1.5,常规,SC12
HB,PET-01,2026-10-04,夜班,NIGHT,DEMO-XEMP-PET-01-X03-04,POS-PACK,塑包机岗,否,1,8.0,8,0.0,常规,SC12
HB,PET-01,2026-10-04,夜班,NIGHT,DEMO-XEMP-PET-01-X04-03,POS-QUALITY,质量抽检岗,是,4,8.0,8,0.0,常规,SC12
HB,PET-02,2026-10-04,夜班,NIGHT,DEMO-XEMP-PET-02-X02-01,POS-FILL,灌注机岗,是,4,9.5,8,1.5,常规,SC12
HB,PET-02,2026-10-04,夜班,NIGHT,DEMO-XEMP-PET-02-X03-03,POS-PACK,塑包机岗,否,2,9.5,8,1.5,常规,SC12
HB,PET-02,2026-10-04,夜班,NIGHT,DEMO-XEMP-PET-02-X04-03,POS-QUALITY,质量抽检岗,是,1,8.0,8,0.0,常规,SC12
HB,PET-03,2026-10-04,夜班,NIGHT,DEMO-XEMP-PET-03-X04-02,POS-BLOW,吹贴机岗,否,5,9.5,8,1.5,常规,SC12
HB,PET-03,2026-10-04,夜班,NIGHT,DEMO-XEMP-PET-03-X04-04,POS-FILL,灌注机岗,是,3,8.0,8,0.0,常规,SC12
HB,PET-03,2026-10-04,夜班,NIGHT,DEMO-XEMP-PET-03-X03-04,POS-PACK,塑包机岗,否,3,8.0,8,0.0,常规,SC12
HB,PET-03,2026-10-04,夜班,NIGHT,DEMO-XEMP-PET-03-X02-01,POS-QUALITY,质量抽检岗,是,3,8.0,8,0.0,常规,SC12
SX,ASEPTIC-A,2026-10-05,白班,DAY,DEMO-XEMP-ASEPTIC-A-X02-04,POS-LOGISTICS,物料配送岗,否,1,8.0,8,0.0,常规,SC12
SX,ASEPTIC-A,2026-10-05,白班,DAY,DEMO-XEMP-ASEPTIC-A-X02-02,POS-PACK,塑包机岗,否,1,8.0,8,0.0,常规,SC12
SX,ASEPTIC-A,2026-10-05,白班,DAY,DEMO-XEMP-ASEPTIC-A-X04-03,POS-QUALITY,质量抽检岗,是,5,9.5,8,1.5,常规,SC12
SX,ASEPTIC-B,2026-10-05,白班,DAY,DEMO-XEMP-ASEPTIC-B-X02-04,POS-ASEPTIC,无菌操作岗,是,3,9.5,8,1.5,常规,SC12
SX,ASEPTIC-B,2026-10-05,白班,DAY,DEMO-XEMP-ASEPTIC-B-X02-02,POS-LOGISTICS,物料配送岗,否,5,9.5,8,1.5,常规,SC12
SX,ASEPTIC-B,2026-10-05,白班,DAY,DEMO-XEMP-ASEPTIC-B-X04-02,POS-PACK,塑包机岗,否,3,9.5,8,1.5,常规,SC12
SX,ASEPTIC-B,2026-10-05,白班,DAY,DEMO-XEMP-ASEPTIC-B-X04-03,POS-QUALITY,质量抽检岗,是,4,8.0,8,0.0,常规,SC12
SX,ASEPTIC-C,2026-10-05,白班,DAY,DEMO-XEMP-ASEPTIC-C-X02-04,POS-ASEPTIC,无菌操作岗,是,5,9.5,8,1.5,常规,SC12
SX,ASEPTIC-C,2026-10-05,白班,DAY,DEMO-XEMP-ASEPTIC-C-X02-02,POS-LOGISTICS,物料配送岗,否,2,8.0,8,0.0,常规,SC12
SX,ASEPTIC-C,2026-10-05,白班,DAY,DEMO-XEMP-ASEPTIC-C-X04-03,POS-PACK,塑包机岗,否,2,8.0,8,0.0,常规,SC12
SX,ASEPTIC-C,2026-10-05,白班,DAY,DEMO-XEMP-ASEPTIC-C-X01-03,POS-QUALITY,质量抽检岗,是,3,9.5,8,1.5,常规,SC12
HB,PET-01,2026-10-05,白班,DAY,DEMO-XEMP-PET-01-X02-02,POS-BLOW,吹贴机岗,否,2,8.0,8,0.0,常规,SC12
HB,PET-01,2026-10-05,白班,DAY,DEMO-XEMP-PET-01-X02-04,POS-FILL,灌注机岗,是,3,8.0,8,0.0,常规,SC12
HB,PET-01,2026-10-05,白班,DAY,DEMO-XEMP-PET-01-X01-03,POS-PACK,塑包机岗,否,3,8.0,8,0.0,常规,SC12
HB,PET-02,2026-10-05,白班,DAY,DEMO-XEMP-PET-02-X02-02,POS-BLOW,吹贴机岗,否,3,8.0,8,0.0,常规,SC12
HB,PET-02,2026-10-05,白班,DAY,DEMO-XEMP-PET-02-X02-04,POS-FILL,灌注机岗,是,2,8.0,8,0.0,常规,SC12
HB,PET-02,2026-10-05,白班,DAY,DEMO-XEMP-PET-02-X04-04,POS-QUALITY,质量抽检岗,是,1,8.0,8,0.0,常规,SC12
HB,PET-03,2026-10-05,白班,DAY,DEMO-XEMP-PET-03-X02-02,POS-BLOW,吹贴机岗,否,5,9.5,8,1.5,常规,SC12
HB,PET-03,2026-10-05,白班,DAY,DEMO-XEMP-PET-03-X02-04,POS-FILL,灌注机岗,是,2,8.0,8,0.0,常规,SC12
HB,PET-03,2026-10-05,白班,DAY,DEMO-XEMP-PET-03-X03-03,POS-PACK,塑包机岗,否,2,8.0,8,0.0,常规,SC12
HB,PET-03,2026-10-05,白班,DAY,DEMO-XEMP-PET-03-X04-03,POS-QUALITY,质量抽检岗,是,1,8.0,8,0.0,常规,SC12
SX,ASEPTIC-A,2026-10-05,夜班,NIGHT,DEMO-XEMP-ASEPTIC-A-X04-01,POS-ASEPTIC,无菌操作岗,是,1,8.0,8,0.0,常规,SC12
SX,ASEPTIC-A,2026-10-05,夜班,NIGHT,DEMO-XEMP-ASEPTIC-A-X03-03,POS-PACK,塑包机岗,否,4,9.5,8,1.5,常规,SC12
SX,ASEPTIC-A,2026-10-05,夜班,NIGHT,DEMO-XEMP-ASEPTIC-A-X01-03,POS-QUALITY,质量抽检岗,是,3,8.0,8,0.0,常规,SC12
SX,ASEPTIC-B,2026-10-05,夜班,NIGHT,DEMO-XEMP-ASEPTIC-B-X03-03,POS-ASEPTIC,无菌操作岗,是,2,9.5,8,1.5,常规,SC12
SX,ASEPTIC-B,2026-10-05,夜班,NIGHT,DEMO-XEMP-ASEPTIC-B-X04-04,POS-LOGISTICS,物料配送岗,否,3,8.0,8,0.0,常规,SC12
SX,ASEPTIC-B,2026-10-05,夜班,NIGHT,DEMO-XEMP-ASEPTIC-B-X01-03,POS-QUALITY,质量抽检岗,是,5,8.0,8,0.0,常规,SC12
SX,ASEPTIC-C,2026-10-05,夜班,NIGHT,DEMO-XEMP-ASEPTIC-C-X02-01,POS-ASEPTIC,无菌操作岗,是,2,9.5,8,1.5,常规,SC12
SX,ASEPTIC-C,2026-10-05,夜班,NIGHT,DEMO-XEMP-ASEPTIC-C-X04-04,POS-LOGISTICS,物料配送岗,否,4,8.0,8,0.0,常规,SC12
SX,ASEPTIC-C,2026-10-05,夜班,NIGHT,DEMO-XEMP-ASEPTIC-C-X04-02,POS-PACK,塑包机岗,否,5,8.0,8,0.0,常规,SC12
SX,ASEPTIC-C,2026-10-05,夜班,NIGHT,DEMO-XEMP-ASEPTIC-C-X03-03,POS-QUALITY,质量抽检岗,是,1,9.5,8,1.5,常规,SC12
HB,PET-01,2026-10-05,夜班,NIGHT,DEMO-XEMP-PET-01-X04-02,POS-BLOW,吹贴机岗,否,3,8.0,8,0.0,常规,SC12
HB,PET-01,2026-10-05,夜班,NIGHT,DEMO-XEMP-PET-01-X04-04,POS-FILL,灌注机岗,是,4,8.0,8,0.0,常规,SC12
HB,PET-01,2026-10-05,夜班,NIGHT,DEMO-XEMP-PET-01-X03-03,POS-PACK,塑包机岗,否,5,8.0,8,0.0,常规,SC12
HB,PET-01,2026-10-05,夜班,NIGHT,DEMO-XEMP-PET-01-X04-03,POS-QUALITY,质量抽检岗,是,4,8.0,8,0.0,常规,SC12
HB,PET-02,2026-10-05,夜班,NIGHT,DEMO-XEMP-PET-02-X04-02,POS-BLOW,吹贴机岗,否,3,9.5,8,1.5,常规,SC12
HB,PET-02,2026-10-05,夜班,NIGHT,DEMO-XEMP-PET-02-X04-01,POS-FILL,灌注机岗,是,3,8.0,8,0.0,常规,SC12
HB,PET-02,2026-10-05,夜班,NIGHT,DEMO-XEMP-PET-02-X04-03,POS-PACK,塑包机岗,否,2,8.0,8,0.0,常规,SC12
HB,PET-02,2026-10-05,夜班,NIGHT,DEMO-XEMP-PET-02-X01-03,POS-QUALITY,质量抽检岗,是,4,9.5,8,1.5,常规,SC12
HB,PET-03,2026-10-05,夜班,NIGHT,DEMO-XEMP-PET-03-X04-02,POS-BLOW,吹贴机岗,否,5,8.0,8,0.0,常规,SC12
HB,PET-03,2026-10-05,夜班,NIGHT,DEMO-XEMP-PET-03-X04-04,POS-FILL,灌注机岗,是,3,9.5,8,1.5,常规,SC12
HB,PET-03,2026-10-05,夜班,NIGHT,DEMO-XEMP-PET-03-X03-04,POS-PACK,塑包机岗,否,3,8.0,8,0.0,常规,SC12
HB,PET-03,2026-10-05,夜班,NIGHT,DEMO-XEMP-PET-03-X02-01,POS-QUALITY,质量抽检岗,是,3,8.0,8,0.0,常规,SC12
SX,ASEPTIC-A,2026-10-06,白班,DAY,DEMO-XEMP-ASEPTIC-A-X02-02,POS-ASEPTIC,无菌操作岗,是,1,8.0,8,0.0,常规,SC12
SX,ASEPTIC-A,2026-10-06,白班,DAY,DEMO-XEMP-ASEPTIC-A-X02-04,POS-LOGISTICS,物料配送岗,否,1,9.5,8,1.5,常规,SC12
SX,ASEPTIC-A,2026-10-06,白班,DAY,DEMO-XEMP-ASEPTIC-A-X04-02,POS-PACK,塑包机岗,否,5,8.0,8,0.0,常规,SC12
SX,ASEPTIC-A,2026-10-06,白班,DAY,DEMO-XEMP-ASEPTIC-A-X04-03,POS-QUALITY,质量抽检岗,是,5,9.5,8,1.5,常规,SC12
SX,ASEPTIC-B,2026-10-06,白班,DAY,DEMO-XEMP-ASEPTIC-B-X02-02,POS-ASEPTIC,无菌操作岗,是,1,8.0,8,0.0,常规,SC12
SX,ASEPTIC-B,2026-10-06,白班,DAY,DEMO-XEMP-ASEPTIC-B-X02-04,POS-LOGISTICS,物料配送岗,否,4,8.0,8,0.0,常规,SC12
SX,ASEPTIC-B,2026-10-06,白班,DAY,DEMO-XEMP-ASEPTIC-B-X04-02,POS-PACK,塑包机岗,否,3,8.0,8,0.0,常规,SC12
SX,ASEPTIC-B,2026-10-06,白班,DAY,DEMO-XEMP-ASEPTIC-B-X04-03,POS-QUALITY,质量抽检岗,是,4,9.5,8,1.5,常规,SC12
SX,ASEPTIC-C,2026-10-06,白班,DAY,DEMO-XEMP-ASEPTIC-C-X02-04,POS-ASEPTIC,无菌操作岗,是,5,8.0,8,0.0,常规,SC12
SX,ASEPTIC-C,2026-10-06,白班,DAY,DEMO-XEMP-ASEPTIC-C-X02-02,POS-LOGISTICS,物料配送岗,否,2,8.0,8,0.0,常规,SC12
SX,ASEPTIC-C,2026-10-06,白班,DAY,DEMO-XEMP-ASEPTIC-C-X03-02,POS-PACK,塑包机岗,否,5,9.5,8,1.5,常规,SC12
SX,ASEPTIC-C,2026-10-06,白班,DAY,DEMO-XEMP-ASEPTIC-C-X04-03,POS-QUALITY,质量抽检岗,是,5,8.0,8,0.0,常规,SC12
HB,PET-01,2026-10-06,白班,DAY,DEMO-XEMP-PET-01-X02-04,POS-BLOW,吹贴机岗,否,5,9.5,8,1.5,常规,SC12
HB,PET-01,2026-10-06,白班,DAY,DEMO-XEMP-PET-01-X02-02,POS-FILL,灌注机岗,是,3,8.0,8,0.0,常规,SC12
HB,PET-01,2026-10-06,白班,DAY,DEMO-XEMP-PET-01-X03-04,POS-PACK,塑包机岗,否,1,8.0,8,0.0,常规,SC12
HB,PET-01,2026-10-06,白班,DAY,DEMO-XEMP-PET-01-X01-03,POS-QUALITY,质量抽检岗,是,1,8.0,8,0.0,常规,SC12
HB,PET-02,2026-10-06,白班,DAY,DEMO-XEMP-PET-02-X02-04,POS-BLOW,吹贴机岗,否,2,8.0,8,0.0,常规,SC12
HB,PET-02,2026-10-06,白班,DAY,DEMO-XEMP-PET-02-X02-02,POS-FILL,灌注机岗,是,1,8.0,8,0.0,常规,SC12
HB,PET-02,2026-10-06,白班,DAY,DEMO-XEMP-PET-02-X04-04,POS-PACK,塑包机岗,否,2,8.0,8,0.0,常规,SC12
HB,PET-02,2026-10-06,白班,DAY,DEMO-XEMP-PET-02-X03-03,POS-QUALITY,质量抽检岗,是,5,9.5,8,1.5,常规,SC12
HB,PET-03,2026-10-06,白班,DAY,DEMO-XEMP-PET-03-X02-04,POS-BLOW,吹贴机岗,否,4,8.0,8,0.0,常规,SC12
HB,PET-03,2026-10-06,白班,DAY,DEMO-XEMP-PET-03-X02-02,POS-FILL,灌注机岗,是,4,8.0,8,0.0,常规,SC12
HB,PET-03,2026-10-06,白班,DAY,DEMO-XEMP-PET-03-X03-03,POS-PACK,塑包机岗,否,2,8.0,8,0.0,常规,SC12
HB,PET-03,2026-10-06,白班,DAY,DEMO-XEMP-PET-03-X01-03,POS-QUALITY,质量抽检岗,是,2,8.0,8,0.0,常规,SC12
SX,ASEPTIC-A,2026-10-06,夜班,NIGHT,DEMO-XEMP-ASEPTIC-A-X02-01,POS-ASEPTIC,无菌操作岗,是,2,8.0,8,0.0,常规,SC12
SX,ASEPTIC-A,2026-10-06,夜班,NIGHT,DEMO-XEMP-ASEPTIC-A-X04-04,POS-LOGISTICS,物料配送岗,否,1,9.5,8,1.5,常规,SC12
SX,ASEPTIC-A,2026-10-06,夜班,NIGHT,DEMO-XEMP-ASEPTIC-A-X01-03,POS-PACK,塑包机岗,否,5,8.0,8,0.0,常规,SC12
SX,ASEPTIC-A,2026-10-06,夜班,NIGHT,DEMO-XEMP-ASEPTIC-A-X03-03,POS-QUALITY,质量抽检岗,是,5,8.0,8,0.0,常规,SC12
SX,ASEPTIC-B,2026-10-06,夜班,NIGHT,DEMO-XEMP-ASEPTIC-B-X03-03,POS-ASEPTIC,无菌操作岗,是,2,8.0,8,0.0,常规,SC12
SX,ASEPTIC-B,2026-10-06,夜班,NIGHT,DEMO-XEMP-ASEPTIC-B-X04-04,POS-LOGISTICS,物料配送岗,否,3,8.0,8,0.0,常规,SC12
SX,ASEPTIC-B,2026-10-06,夜班,NIGHT,DEMO-XEMP-ASEPTIC-B-X03-02,POS-PACK,塑包机岗,否,4,8.0,8,0.0,常规,SC12
SX,ASEPTIC-B,2026-10-06,夜班,NIGHT,DEMO-XEMP-ASEPTIC-B-X01-03,POS-QUALITY,质量抽检岗,是,5,8.0,8,0.0,常规,SC12
SX,ASEPTIC-C,2026-10-06,夜班,NIGHT,DEMO-XEMP-ASEPTIC-C-X04-01,POS-ASEPTIC,无菌操作岗,是,2,9.5,8,1.5,常规,SC12
SX,ASEPTIC-C,2026-10-06,夜班,NIGHT,DEMO-XEMP-ASEPTIC-C-X04-04,POS-LOGISTICS,物料配送岗,否,4,9.5,8,1.5,常规,SC12
SX,ASEPTIC-C,2026-10-06,夜班,NIGHT,DEMO-XEMP-ASEPTIC-C-X01-03,POS-QUALITY,质量抽检岗,是,3,8.0,8,0.0,常规,SC12
HB,PET-01,2026-10-06,夜班,NIGHT,DEMO-XEMP-PET-01-X04-04,POS-FILL,灌注机岗,是,4,9.5,8,1.5,常规,SC12
HB,PET-01,2026-10-06,夜班,NIGHT,DEMO-XEMP-PET-01-X03-03,POS-PACK,塑包机岗,否,5,8.0,8,0.0,常规,SC12
HB,PET-01,2026-10-06,夜班,NIGHT,DEMO-XEMP-PET-01-X04-03,POS-QUALITY,质量抽检岗,是,4,9.5,8,1.5,常规,SC12
HB,PET-02,2026-10-06,夜班,NIGHT,DEMO-XEMP-PET-02-X04-02,POS-BLOW,吹贴机岗,否,3,8.0,8,0.0,常规,SC12
HB,PET-02,2026-10-06,夜班,NIGHT,DEMO-XEMP-PET-02-X02-01,POS-FILL,灌注机岗,是,4,8.0,8,0.0,常规,SC12
HB,PET-02,2026-10-06,夜班,NIGHT,DEMO-XEMP-PET-02-X01-03,POS-PACK,塑包机岗,否,5,8.0,8,0.0,常规,SC12
HB,PET-02,2026-10-06,夜班,NIGHT,DEMO-XEMP-PET-02-X04-03,POS-QUALITY,质量抽检岗,是,1,8.0,8,0.0,常规,SC12
HB,PET-03,2026-10-06,夜班,NIGHT,DEMO-XEMP-PET-03-X04-02,POS-BLOW,吹贴机岗,否,5,8.0,8,0.0,常规,SC12
HB,PET-03,2026-10-06,夜班,NIGHT,DEMO-XEMP-PET-03-X04-04,POS-FILL,灌注机岗,是,3,9.5,8,1.5,常规,SC12
HB,PET-03,2026-10-06,夜班,NIGHT,DEMO-XEMP-PET-03-X03-04,POS-PACK,塑包机岗,否,3,8.0,8,0.0,常规,SC12
HB,PET-03,2026-10-06,夜班,NIGHT,DEMO-XEMP-PET-03-X02-01,POS-QUALITY,质量抽检岗,是,3,8.0,8,0.0,常规,SC12
SX,ASEPTIC-A,2026-10-07,白班,DAY,DEMO-XEMP-ASEPTIC-A-X04-01,POS-ASEPTIC,无菌操作岗,是,1,8.0,8,0.0,常规,SC12
SX,ASEPTIC-A,2026-10-07,白班,DAY,DEMO-XEMP-ASEPTIC-A-X03-04,POS-LOGISTICS,物料配送岗,否,2,8.0,8,0.0,常规,SC12
SX,ASEPTIC-A,2026-10-07,白班,DAY,DEMO-XEMP-ASEPTIC-A-X04-02,POS-PACK,塑包机岗,否,5,9.5,8,1.5,常规,SC12
SX,ASEPTIC-A,2026-10-07,白班,DAY,DEMO-XEMP-ASEPTIC-A-X02-03,POS-QUALITY,质量抽检岗,是,1,8.0,8,0.0,常规,SC12
SX,ASEPTIC-B,2026-10-07,白班,DAY,DEMO-XEMP-ASEPTIC-B-X04-01,POS-ASEPTIC,无菌操作岗,是,3,8.0,8,0.0,常规,SC12
SX,ASEPTIC-B,2026-10-07,白班,DAY,DEMO-XEMP-ASEPTIC-B-X03-04,POS-LOGISTICS,物料配送岗,否,2,8.0,8,0.0,常规,SC12
SX,ASEPTIC-B,2026-10-07,白班,DAY,DEMO-XEMP-ASEPTIC-B-X04-03,POS-PACK,塑包机岗,否,4,8.0,8,0.0,常规,SC12
SX,ASEPTIC-B,2026-10-07,白班,DAY,DEMO-XEMP-ASEPTIC-B-X02-01,POS-QUALITY,质量抽检岗,是,2,8.0,8,0.0,常规,SC12
SX,ASEPTIC-C,2026-10-07,白班,DAY,DEMO-XEMP-ASEPTIC-C-X02-01,POS-ASEPTIC,无菌操作岗,是,2,8.0,8,0.0,常规,SC12
SX,ASEPTIC-C,2026-10-07,白班,DAY,DEMO-XEMP-ASEPTIC-C-X03-04,POS-LOGISTICS,物料配送岗,否,2,8.0,8,0.0,常规,SC12
SX,ASEPTIC-C,2026-10-07,白班,DAY,DEMO-XEMP-ASEPTIC-C-X04-02,POS-PACK,塑包机岗,否,5,8.0,8,0.0,常规,SC12
SX,ASEPTIC-C,2026-10-07,白班,DAY,DEMO-XEMP-ASEPTIC-C-X03-03,POS-QUALITY,质量抽检岗,是,1,8.0,8,0.0,常规,SC12
HB,PET-01,2026-10-07,白班,DAY,DEMO-XEMP-PET-01-X04-02,POS-BLOW,吹贴机岗,否,3,8.0,8,0.0,常规,SC12
HB,PET-01,2026-10-07,白班,DAY,DEMO-XEMP-PET-01-X04-01,POS-FILL,灌注机岗,是,3,8.0,8,0.0,常规,SC12
HB,PET-01,2026-10-07,白班,DAY,DEMO-XEMP-PET-01-X03-04,POS-PACK,塑包机岗,否,1,8.0,8,0.0,常规,SC12
HB,PET-01,2026-10-07,白班,DAY,DEMO-XEMP-PET-01-X01-03,POS-QUALITY,质量抽检岗,是,1,8.0,8,0.0,常规,SC12
HB,PET-02,2026-10-07,白班,DAY,DEMO-XEMP-PET-02-X03-04,POS-BLOW,吹贴机岗,否,2,8.0,8,0.0,常规,SC12
HB,PET-02,2026-10-07,白班,DAY,DEMO-XEMP-PET-02-X04-01,POS-FILL,灌注机岗,是,3,9.5,8,1.5,常规,SC12
HB,PET-02,2026-10-07,白班,DAY,DEMO-XEMP-PET-02-X03-03,POS-PACK,塑包机岗,否,2,8.0,8,0.0,常规,SC12
HB,PET-02,2026-10-07,白班,DAY,DEMO-XEMP-PET-02-X02-03,POS-QUALITY,质量抽检岗,是,5,8.0,8,0.0,常规,SC12
HB,PET-03,2026-10-07,白班,DAY,DEMO-XEMP-PET-03-X03-02,POS-BLOW,吹贴机岗,否,5,8.0,8,0.0,常规,SC12
HB,PET-03,2026-10-07,白班,DAY,DEMO-XEMP-PET-03-X04-01,POS-FILL,灌注机岗,是,5,8.0,8,0.0,常规,SC12
HB,PET-03,2026-10-07,白班,DAY,DEMO-XEMP-PET-03-X04-03,POS-PACK,塑包机岗,否,2,8.0,8,0.0,常规,SC12
HB,PET-03,2026-10-07,白班,DAY,DEMO-XEMP-PET-03-X01-03,POS-QUALITY,质量抽检岗,是,2,8.0,8,0.0,常规,SC12
SX,ASEPTIC-A,2026-10-07,夜班,NIGHT,DEMO-XEMP-ASEPTIC-A-X04-04,POS-LOGISTICS,物料配送岗,否,1,8.0,8,0.0,常规,SC12
SX,ASEPTIC-A,2026-10-07,夜班,NIGHT,DEMO-XEMP-ASEPTIC-A-X02-01,POS-PACK,塑包机岗,否,3,9.5,8,1.5,常规,SC12
SX,ASEPTIC-A,2026-10-07,夜班,NIGHT,DEMO-XEMP-ASEPTIC-A-X03-01,POS-QUALITY,质量抽检岗,是,2,9.5,8,1.5,常规,SC12
SX,ASEPTIC-B,2026-10-07,夜班,NIGHT,DEMO-XEMP-ASEPTIC-B-X03-03,POS-LOGISTICS,物料配送岗,否,2,8.0,8,0.0,常规,SC12
SX,ASEPTIC-B,2026-10-07,夜班,NIGHT,DEMO-XEMP-ASEPTIC-B-X03-02,POS-PACK,塑包机岗,否,4,8.0,8,0.0,常规,SC12
SX,ASEPTIC-B,2026-10-07,夜班,NIGHT,DEMO-XEMP-ASEPTIC-B-X02-03,POS-QUALITY,质量抽检岗,是,1,9.5,8,1.5,常规,SC12
SX,ASEPTIC-C,2026-10-07,夜班,NIGHT,DEMO-XEMP-ASEPTIC-C-X04-03,POS-LOGISTICS,物料配送岗,否,3,8.0,8,0.0,常规,SC12
SX,ASEPTIC-C,2026-10-07,夜班,NIGHT,DEMO-XEMP-ASEPTIC-C-X03-02,POS-PACK,塑包机岗,否,5,9.5,8,1.5,常规,SC12
SX,ASEPTIC-C,2026-10-07,夜班,NIGHT,DEMO-XEMP-ASEPTIC-C-X01-03,POS-QUALITY,质量抽检岗,是,3,8.0,8,0.0,常规,SC12
HB,PET-01,2026-10-07,夜班,NIGHT,DEMO-XEMP-PET-01-X03-02,POS-BLOW,吹贴机岗,否,4,9.5,8,1.5,常规,SC12
HB,PET-01,2026-10-07,夜班,NIGHT,DEMO-XEMP-PET-01-X03-03,POS-PACK,塑包机岗,否,5,9.5,8,1.5,常规,SC12
HB,PET-01,2026-10-07,夜班,NIGHT,DEMO-XEMP-PET-01-X02-03,POS-QUALITY,质量抽检岗,是,1,8.0,8,0.0,常规,SC12
HB,PET-02,2026-10-07,夜班,NIGHT,DEMO-XEMP-PET-02-X04-02,POS-BLOW,吹贴机岗,否,3,9.5,8,1.5,常规,SC12
HB,PET-02,2026-10-07,夜班,NIGHT,DEMO-XEMP-PET-02-X02-01,POS-FILL,灌注机岗,是,4,8.0,8,0.0,常规,SC12
HB,PET-02,2026-10-07,夜班,NIGHT,DEMO-XEMP-PET-02-X03-02,POS-PACK,塑包机岗,否,4,8.0,8,0.0,常规,SC12
HB,PET-02,2026-10-07,夜班,NIGHT,DEMO-XEMP-PET-02-X01-01,POS-QUALITY,质量抽检岗,是,2,9.5,8,1.5,常规,SC12
HB,PET-03,2026-10-07,夜班,NIGHT,DEMO-XEMP-PET-03-X04-02,POS-BLOW,吹贴机岗,否,5,9.5,8,1.5,常规,SC12
HB,PET-03,2026-10-07,夜班,NIGHT,DEMO-XEMP-PET-03-X01-01,POS-FILL,灌注机岗,是,1,8.0,8,0.0,常规,SC12
HB,PET-03,2026-10-07,夜班,NIGHT,DEMO-XEMP-PET-03-X01-04,POS-PACK,塑包机岗,否,1,8.0,8,0.0,常规,SC12
HB,PET-03,2026-10-07,夜班,NIGHT,DEMO-XEMP-PET-03-X01-02,POS-QUALITY,质量抽检岗,是,2,8.0,8,0.0,常规,SC12
SX,ASEPTIC-A,2026-10-08,白班,DAY,DEMO-XEMP-ASEPTIC-A-X02-02,POS-ASEPTIC,无菌操作岗,是,1,8.0,8,0.0,常规,SC12
SX,ASEPTIC-A,2026-10-08,白班,DAY,DEMO-XEMP-ASEPTIC-A-X02-04,POS-LOGISTICS,物料配送岗,否,1,9.5,8,1.5,常规,SC12
SX,ASEPTIC-A,2026-10-08,白班,DAY,DEMO-XEMP-ASEPTIC-A-X04-02,POS-PACK,塑包机岗,否,5,8.0,8,0.0,常规,SC12
SX,ASEPTIC-B,2026-10-08,白班,DAY,DEMO-XEMP-ASEPTIC-B-X02-04,POS-LOGISTICS,物料配送岗,否,4,8.0,8,0.0,常规,SC12
SX,ASEPTIC-B,2026-10-08,白班,DAY,DEMO-XEMP-ASEPTIC-B-X02-02,POS-PACK,塑包机岗,否,4,8.0,8,0.0,常规,SC12
SX,ASEPTIC-B,2026-10-08,白班,DAY,DEMO-XEMP-ASEPTIC-B-X01-03,POS-QUALITY,质量抽检岗,是,5,9.5,8,1.5,常规,SC12
SX,ASEPTIC-C,2026-10-08,白班,DAY,DEMO-XEMP-ASEPTIC-C-X02-02,POS-ASEPTIC,无菌操作岗,是,3,9.5,8,1.5,常规,SC12
SX,ASEPTIC-C,2026-10-08,白班,DAY,DEMO-XEMP-ASEPTIC-C-X02-04,POS-LOGISTICS,物料配送岗,否,3,8.0,8,0.0,常规,SC12
SX,ASEPTIC-C,2026-10-08,白班,DAY,DEMO-XEMP-ASEPTIC-C-X04-02,POS-PACK,塑包机岗,否,5,8.0,8,0.0,常规,SC12
HB,PET-01,2026-10-08,白班,DAY,DEMO-XEMP-PET-01-X02-04,POS-BLOW,吹贴机岗,否,5,8.0,8,0.0,常规,SC12
HB,PET-01,2026-10-08,白班,DAY,DEMO-XEMP-PET-01-X04-04,POS-FILL,灌注机岗,是,4,8.0,8,0.0,常规,SC12
HB,PET-01,2026-10-08,白班,DAY,DEMO-XEMP-PET-01-X02-02,POS-QUALITY,质量抽检岗,是,3,8.0,8,0.0,常规,SC12
HB,PET-02,2026-10-08,白班,DAY,DEMO-XEMP-PET-02-X02-04,POS-BLOW,吹贴机岗,否,2,9.5,8,1.5,常规,SC12
HB,PET-02,2026-10-08,白班,DAY,DEMO-XEMP-PET-02-X04-04,POS-FILL,灌注机岗,是,3,8.0,8,0.0,常规,SC12
HB,PET-02,2026-10-08,白班,DAY,DEMO-XEMP-PET-02-X02-02,POS-PACK,塑包机岗,否,1,8.0,8,0.0,常规,SC12
HB,PET-02,2026-10-08,白班,DAY,DEMO-XEMP-PET-02-X04-03,POS-QUALITY,质量抽检岗,是,1,9.5,8,1.5,常规,SC12
HB,PET-03,2026-10-08,白班,DAY,DEMO-XEMP-PET-03-X02-04,POS-BLOW,吹贴机岗,否,4,9.5,8,1.5,常规,SC12
HB,PET-03,2026-10-08,白班,DAY,DEMO-XEMP-PET-03-X04-04,POS-PACK,塑包机岗,否,5,8.0,8,0.0,常规,SC12
SX,ASEPTIC-A,2026-10-08,夜班,NIGHT,DEMO-XEMP-ASEPTIC-A-X04-01,POS-ASEPTIC,无菌操作岗,是,1,8.0,8,0.0,常规,SC12
SX,ASEPTIC-A,2026-10-08,夜班,NIGHT,DEMO-XEMP-ASEPTIC-A-X04-04,POS-LOGISTICS,物料配送岗,否,1,8.0,8,0.0,常规,SC12
SX,ASEPTIC-A,2026-10-08,夜班,NIGHT,DEMO-XEMP-ASEPTIC-A-X04-03,POS-PACK,塑包机岗,否,2,9.5,8,1.5,常规,SC12
SX,ASEPTIC-B,2026-10-08,夜班,NIGHT,DEMO-XEMP-ASEPTIC-B-X04-03,POS-ASEPTIC,无菌操作岗,是,5,8.0,8,0.0,常规,SC12
SX,ASEPTIC-B,2026-10-08,夜班,NIGHT,DEMO-XEMP-ASEPTIC-B-X04-04,POS-LOGISTICS,物料配送岗,否,3,8.0,8,0.0,常规,SC12
SX,ASEPTIC-B,2026-10-08,夜班,NIGHT,DEMO-XEMP-ASEPTIC-B-X04-02,POS-PACK,塑包机岗,否,3,8.0,8,0.0,常规,SC12
SX,ASEPTIC-B,2026-10-08,夜班,NIGHT,DEMO-XEMP-ASEPTIC-B-X03-03,POS-QUALITY,质量抽检岗,是,4,8.0,8,0.0,常规,SC12
SX,ASEPTIC-C,2026-10-08,夜班,NIGHT,DEMO-XEMP-ASEPTIC-C-X04-01,POS-ASEPTIC,无菌操作岗,是,2,8.0,8,0.0,常规,SC12
SX,ASEPTIC-C,2026-10-08,夜班,NIGHT,DEMO-XEMP-ASEPTIC-C-X04-04,POS-LOGISTICS,物料配送岗,否,4,8.0,8,0.0,常规,SC12
SX,ASEPTIC-C,2026-10-08,夜班,NIGHT,DEMO-XEMP-ASEPTIC-C-X04-03,POS-QUALITY,质量抽检岗,是,5,9.5,8,1.5,常规,SC12
HB,PET-01,2026-10-08,夜班,NIGHT,DEMO-XEMP-PET-01-X04-02,POS-BLOW,吹贴机岗,否,3,8.0,8,0.0,常规,SC12
HB,PET-01,2026-10-08,夜班,NIGHT,DEMO-XEMP-PET-01-X04-01,POS-FILL,灌注机岗,是,3,8.0,8,0.0,常规,SC12
HB,PET-01,2026-10-08,夜班,NIGHT,DEMO-XEMP-PET-01-X03-04,POS-PACK,塑包机岗,否,1,9.5,8,1.5,常规,SC12
HB,PET-01,2026-10-08,夜班,NIGHT,DEMO-XEMP-PET-01-X01-03,POS-QUALITY,质量抽检岗,是,1,8.0,8,0.0,常规,SC12
HB,PET-02,2026-10-08,夜班,NIGHT,DEMO-XEMP-PET-02-X04-02,POS-BLOW,吹贴机岗,否,3,8.0,8,0.0,常规,SC12
HB,PET-02,2026-10-08,夜班,NIGHT,DEMO-XEMP-PET-02-X04-01,POS-FILL,灌注机岗,是,3,8.0,8,0.0,常规,SC12
HB,PET-02,2026-10-08,夜班,NIGHT,DEMO-XEMP-PET-02-X01-03,POS-PACK,塑包机岗,否,5,9.5,8,1.5,常规,SC12
HB,PET-02,2026-10-08,夜班,NIGHT,DEMO-XEMP-PET-02-X03-03,POS-QUALITY,质量抽检岗,是,5,8.0,8,0.0,常规,SC12
HB,PET-03,2026-10-08,夜班,NIGHT,DEMO-XEMP-PET-03-X02-02,POS-BLOW,吹贴机岗,否,5,8.0,8,0.0,常规,SC12
HB,PET-03,2026-10-08,夜班,NIGHT,DEMO-XEMP-PET-03-X03-04,POS-QUALITY,质量抽检岗,是,4,8.0,8,0.0,常规,SC12
SX,ASEPTIC-A,2026-10-09,白班,DAY,DEMO-XEMP-ASEPTIC-A-X02-04,POS-ASEPTIC,无菌操作岗,是,4,9.5,8,1.5,常规,SC12
SX,ASEPTIC-A,2026-10-09,白班,DAY,DEMO-XEMP-ASEPTIC-A-X02-02,POS-LOGISTICS,物料配送岗,否,4,9.5,8,1.5,常规,SC12
SX,ASEPTIC-A,2026-10-09,白班,DAY,DEMO-XEMP-ASEPTIC-A-X04-02,POS-PACK,塑包机岗,否,5,9.5,8,1.5,常规,SC12
SX,ASEPTIC-A,2026-10-09,白班,DAY,DEMO-XEMP-ASEPTIC-A-X01-03,POS-QUALITY,质量抽检岗,是,3,9.5,8,1.5,常规,SC12
SX,ASEPTIC-B,2026-10-09,白班,DAY,DEMO-XEMP-ASEPTIC-B-X02-04,POS-ASEPTIC,无菌操作岗,是,3,8.0,8,0.0,常规,SC12
SX,ASEPTIC-B,2026-10-09,白班,DAY,DEMO-XEMP-ASEPTIC-B-X02-02,POS-LOGISTICS,物料配送岗,否,5,8.0,8,0.0,常规,SC12
SX,ASEPTIC-B,2026-10-09,白班,DAY,DEMO-XEMP-ASEPTIC-B-X01-03,POS-QUALITY,质量抽检岗,是,5,8.0,8,0.0,常规,SC12
SX,ASEPTIC-C,2026-10-09,白班,DAY,DEMO-XEMP-ASEPTIC-C-X02-04,POS-LOGISTICS,物料配送岗,否,3,8.0,8,0.0,常规,SC12
SX,ASEPTIC-C,2026-10-09,白班,DAY,DEMO-XEMP-ASEPTIC-C-X02-02,POS-PACK,塑包机岗,否,2,8.0,8,0.0,常规,SC12
SX,ASEPTIC-C,2026-10-09,白班,DAY,DEMO-XEMP-ASEPTIC-C-X03-03,POS-QUALITY,质量抽检岗,是,1,8.0,8,0.0,常规,SC12
HB,PET-01,2026-10-09,白班,DAY,DEMO-XEMP-PET-01-X02-04,POS-BLOW,吹贴机岗,否,5,8.0,8,0.0,常规,SC12
HB,PET-01,2026-10-09,白班,DAY,DEMO-XEMP-PET-01-X04-04,POS-FILL,灌注机岗,是,4,8.0,8,0.0,常规,SC12
HB,PET-01,2026-10-09,白班,DAY,DEMO-XEMP-PET-01-X02-02,POS-PACK,塑包机岗,否,4,8.0,8,0.0,常规,SC12
HB,PET-01,2026-10-09,白班,DAY,DEMO-XEMP-PET-01-X04-03,POS-QUALITY,质量抽检岗,是,4,9.5,8,1.5,常规,SC12
HB,PET-02,2026-10-09,白班,DAY,DEMO-XEMP-PET-02-X02-04,POS-BLOW,吹贴机岗,否,2,8.0,8,0.0,常规,SC12
HB,PET-02,2026-10-09,白班,DAY,DEMO-XEMP-PET-02-X04-04,POS-FILL,灌注机岗,是,3,8.0,8,0.0,常规,SC12
HB,PET-02,2026-10-09,白班,DAY,DEMO-XEMP-PET-02-X02-02,POS-PACK,塑包机岗,否,1,9.5,8,1.5,常规,SC12
HB,PET-02,2026-10-09,白班,DAY,DEMO-XEMP-PET-02-X04-03,POS-QUALITY,质量抽检岗,是,1,8.0,8,0.0,常规,SC12
HB,PET-03,2026-10-09,白班,DAY,DEMO-XEMP-PET-03-X02-04,POS-BLOW,吹贴机岗,否,4,9.5,8,1.5,常规,SC12
HB,PET-03,2026-10-09,白班,DAY,DEMO-XEMP-PET-03-X04-04,POS-FILL,灌注机岗,是,3,8.0,8,0.0,常规,SC12
HB,PET-03,2026-10-09,白班,DAY,DEMO-XEMP-PET-03-X04-03,POS-PACK,塑包机岗,否,2,8.0,8,0.0,常规,SC12
HB,PET-03,2026-10-09,白班,DAY,DEMO-XEMP-PET-03-X03-03,POS-QUALITY,质量抽检岗,是,4,8.0,8,0.0,常规,SC12
SX,ASEPTIC-A,2026-10-09,夜班,NIGHT,DEMO-XEMP-ASEPTIC-A-X04-01,POS-ASEPTIC,无菌操作岗,是,1,9.5,8,1.5,常规,SC12
SX,ASEPTIC-A,2026-10-09,夜班,NIGHT,DEMO-XEMP-ASEPTIC-A-X04-04,POS-LOGISTICS,物料配送岗,否,1,9.5,8,1.5,常规,SC12
SX,ASEPTIC-A,2026-10-09,夜班,NIGHT,DEMO-XEMP-ASEPTIC-A-X03-03,POS-PACK,塑包机岗,否,4,9.5,8,1.5,常规,SC12
SX,ASEPTIC-A,2026-10-09,夜班,NIGHT,DEMO-XEMP-ASEPTIC-A-X04-03,POS-QUALITY,质量抽检岗,是,5,9.5,8,1.5,常规,SC12
SX,ASEPTIC-B,2026-10-09,夜班,NIGHT,DEMO-XEMP-ASEPTIC-B-X04-02,POS-ASEPTIC,无菌操作岗,是,4,9.5,8,1.5,常规,SC12
SX,ASEPTIC-B,2026-10-09,夜班,NIGHT,DEMO-XEMP-ASEPTIC-B-X04-04,POS-LOGISTICS,物料配送岗,否,3,8.0,8,0.0,常规,SC12
SX,ASEPTIC-B,2026-10-09,夜班,NIGHT,DEMO-XEMP-ASEPTIC-B-X03-02,POS-PACK,塑包机岗,否,4,8.0,8,0.0,常规,SC12
SX,ASEPTIC-B,2026-10-09,夜班,NIGHT,DEMO-XEMP-ASEPTIC-B-X04-03,POS-QUALITY,质量抽检岗,是,4,9.5,8,1.5,常规,SC12
SX,ASEPTIC-C,2026-10-09,夜班,NIGHT,DEMO-XEMP-ASEPTIC-C-X04-01,POS-ASEPTIC,无菌操作岗,是,2,9.5,8,1.5,常规,SC12
SX,ASEPTIC-C,2026-10-09,夜班,NIGHT,DEMO-XEMP-ASEPTIC-C-X04-04,POS-LOGISTICS,物料配送岗,否,4,9.5,8,1.5,常规,SC12
SX,ASEPTIC-C,2026-10-09,夜班,NIGHT,DEMO-XEMP-ASEPTIC-C-X04-02,POS-PACK,塑包机岗,否,5,9.5,8,1.5,常规,SC12
SX,ASEPTIC-C,2026-10-09,夜班,NIGHT,DEMO-XEMP-ASEPTIC-C-X01-03,POS-QUALITY,质量抽检岗,是,3,8.0,8,0.0,常规,SC12
HB,PET-01,2026-10-09,夜班,NIGHT,DEMO-XEMP-PET-01-X04-02,POS-BLOW,吹贴机岗,否,3,8.0,8,0.0,常规,SC12
HB,PET-01,2026-10-09,夜班,NIGHT,DEMO-XEMP-PET-01-X02-01,POS-FILL,灌注机岗,是,1,9.5,8,1.5,常规,SC12
HB,PET-01,2026-10-09,夜班,NIGHT,DEMO-XEMP-PET-01-X03-04,POS-PACK,塑包机岗,否,1,9.5,8,1.5,常规,SC12
HB,PET-01,2026-10-09,夜班,NIGHT,DEMO-XEMP-PET-01-X03-03,POS-QUALITY,质量抽检岗,是,1,9.5,8,1.5,常规,SC12
HB,PET-02,2026-10-09,夜班,NIGHT,DEMO-XEMP-PET-02-X04-02,POS-BLOW,吹贴机岗,否,3,8.0,8,0.0,常规,SC12
HB,PET-02,2026-10-09,夜班,NIGHT,DEMO-XEMP-PET-02-X02-01,POS-FILL,灌注机岗,是,4,9.5,8,1.5,常规,SC12
HB,PET-02,2026-10-09,夜班,NIGHT,DEMO-XEMP-PET-02-X01-03,POS-PACK,塑包机岗,否,5,8.0,8,0.0,常规,SC12
HB,PET-02,2026-10-09,夜班,NIGHT,DEMO-XEMP-PET-02-X03-03,POS-QUALITY,质量抽检岗,是,5,8.0,8,0.0,常规,SC12
HB,PET-03,2026-10-09,夜班,NIGHT,DEMO-XEMP-PET-03-X02-02,POS-FILL,灌注机岗,是,4,8.0,8,0.0,常规,SC12
HB,PET-03,2026-10-09,夜班,NIGHT,DEMO-XEMP-PET-03-X04-02,POS-PACK,塑包机岗,否,1,8.0,8,0.0,常规,SC12
SX,ASEPTIC-A,2026-10-10,白班,DAY,DEMO-XEMP-ASEPTIC-A-X02-02,POS-ASEPTIC,无菌操作岗,是,1,9.5,8,1.5,常规,SC12
SX,ASEPTIC-A,2026-10-10,白班,DAY,DEMO-XEMP-ASEPTIC-A-X02-04,POS-LOGISTICS,物料配送岗,否,1,8.0,8,0.0,常规,SC12
SX,ASEPTIC-A,2026-10-10,白班,DAY,DEMO-XEMP-ASEPTIC-A-X01-03,POS-QUALITY,质量抽检岗,是,3,9.5,8,1.5,常规,SC12
SX,ASEPTIC-B,2026-10-10,白班,DAY,DEMO-XEMP-ASEPTIC-B-X02-02,POS-ASEPTIC,无菌操作岗,是,1,8.0,8,0.0,常规,SC12
SX,ASEPTIC-B,2026-10-10,白班,DAY,DEMO-XEMP-ASEPTIC-B-X02-04,POS-LOGISTICS,物料配送岗,否,4,8.0,8,0.0,常规,SC12
SX,ASEPTIC-B,2026-10-10,白班,DAY,DEMO-XEMP-ASEPTIC-B-X03-03,POS-PACK,塑包机岗,否,2,8.0,8,0.0,常规,SC12
SX,ASEPTIC-B,2026-10-10,白班,DAY,DEMO-XEMP-ASEPTIC-B-X01-03,POS-QUALITY,质量抽检岗,是,5,9.5,8,1.5,常规,SC12
SX,ASEPTIC-C,2026-10-10,白班,DAY,DEMO-XEMP-ASEPTIC-C-X02-02,POS-ASEPTIC,无菌操作岗,是,3,8.0,8,0.0,常规,SC12
SX,ASEPTIC-C,2026-10-10,白班,DAY,DEMO-XEMP-ASEPTIC-C-X02-04,POS-LOGISTICS,物料配送岗,否,3,9.5,8,1.5,常规,SC12
SX,ASEPTIC-C,2026-10-10,白班,DAY,DEMO-XEMP-ASEPTIC-C-X03-02,POS-PACK,塑包机岗,否,5,9.5,8,1.5,常规,SC12
SX,ASEPTIC-C,2026-10-10,白班,DAY,DEMO-XEMP-ASEPTIC-C-X03-03,POS-QUALITY,质量抽检岗,是,1,9.5,8,1.5,常规,SC12
HB,PET-01,2026-10-10,白班,DAY,DEMO-XEMP-PET-01-X02-02,POS-BLOW,吹贴机岗,否,2,9.5,8,1.5,常规,SC12
HB,PET-01,2026-10-10,白班,DAY,DEMO-XEMP-PET-01-X02-04,POS-FILL,灌注机岗,是,3,8.0,8,0.0,常规,SC12
HB,PET-01,2026-10-10,白班,DAY,DEMO-XEMP-PET-01-X04-04,POS-PACK,塑包机岗,否,4,8.0,8,0.0,常规,SC12
HB,PET-01,2026-10-10,白班,DAY,DEMO-XEMP-PET-01-X01-03,POS-QUALITY,质量抽检岗,是,1,8.0,8,0.0,常规,SC12
HB,PET-02,2026-10-10,白班,DAY,DEMO-XEMP-PET-02-X02-02,POS-BLOW,吹贴机岗,否,3,8.0,8,0.0,常规,SC12
HB,PET-02,2026-10-10,白班,DAY,DEMO-XEMP-PET-02-X02-04,POS-FILL,灌注机岗,是,2,9.5,8,1.5,常规,SC12
HB,PET-02,2026-10-10,白班,DAY,DEMO-XEMP-PET-02-X04-04,POS-PACK,塑包机岗,否,2,9.5,8,1.5,常规,SC12
HB,PET-02,2026-10-10,白班,DAY,DEMO-XEMP-PET-02-X04-03,POS-QUALITY,质量抽检岗,是,1,8.0,8,0.0,常规,SC12
HB,PET-03,2026-10-10,白班,DAY,DEMO-XEMP-PET-03-X02-04,POS-BLOW,吹贴机岗,否,4,8.0,8,0.0,常规,SC12
HB,PET-03,2026-10-10,白班,DAY,DEMO-XEMP-PET-03-X04-04,POS-FILL,灌注机岗,是,3,8.0,8,0.0,常规,SC12
HB,PET-03,2026-10-10,白班,DAY,DEMO-XEMP-PET-03-X01-03,POS-PACK,塑包机岗,否,5,9.5,8,1.5,常规,SC12
HB,PET-03,2026-10-10,白班,DAY,DEMO-XEMP-PET-03-X03-03,POS-QUALITY,质量抽检岗,是,4,8.0,8,0.0,常规,SC12
SX,ASEPTIC-A,2026-10-10,夜班,NIGHT,DEMO-XEMP-ASEPTIC-A-X02-01,POS-ASEPTIC,无菌操作岗,是,2,9.5,8,1.5,常规,SC12
SX,ASEPTIC-A,2026-10-10,夜班,NIGHT,DEMO-XEMP-ASEPTIC-A-X04-04,POS-LOGISTICS,物料配送岗,否,1,9.5,8,1.5,常规,SC12
SX,ASEPTIC-A,2026-10-10,夜班,NIGHT,DEMO-XEMP-ASEPTIC-A-X03-03,POS-PACK,塑包机岗,否,4,9.5,8,1.5,常规,SC12
SX,ASEPTIC-A,2026-10-10,夜班,NIGHT,DEMO-XEMP-ASEPTIC-A-X04-03,POS-QUALITY,质量抽检岗,是,5,8.0,8,0.0,常规,SC12
SX,ASEPTIC-B,2026-10-10,夜班,NIGHT,DEMO-XEMP-ASEPTIC-B-X04-02,POS-ASEPTIC,无菌操作岗,是,4,8.0,8,0.0,常规,SC12
SX,ASEPTIC-B,2026-10-10,夜班,NIGHT,DEMO-XEMP-ASEPTIC-B-X04-04,POS-LOGISTICS,物料配送岗,否,3,8.0,8,0.0,常规,SC12
SX,ASEPTIC-B,2026-10-10,夜班,NIGHT,DEMO-XEMP-ASEPTIC-B-X03-02,POS-PACK,塑包机岗,否,4,8.0,8,0.0,常规,SC12
SX,ASEPTIC-B,2026-10-10,夜班,NIGHT,DEMO-XEMP-ASEPTIC-B-X02-03,POS-QUALITY,质量抽检岗,是,1,9.5,8,1.5,常规,SC12
SX,ASEPTIC-C,2026-10-10,夜班,NIGHT,DEMO-XEMP-ASEPTIC-C-X02-01,POS-ASEPTIC,无菌操作岗,是,2,8.0,8,0.0,常规,SC12
SX,ASEPTIC-C,2026-10-10,夜班,NIGHT,DEMO-XEMP-ASEPTIC-C-X04-04,POS-LOGISTICS,物料配送岗,否,4,8.0,8,0.0,常规,SC12
SX,ASEPTIC-C,2026-10-10,夜班,NIGHT,DEMO-XEMP-ASEPTIC-C-X04-02,POS-PACK,塑包机岗,否,5,8.0,8,0.0,常规,SC12
SX,ASEPTIC-C,2026-10-10,夜班,NIGHT,DEMO-XEMP-ASEPTIC-C-X04-03,POS-QUALITY,质量抽检岗,是,5,8.0,8,0.0,常规,SC12
HB,PET-01,2026-10-10,夜班,NIGHT,DEMO-XEMP-PET-01-X04-02,POS-BLOW,吹贴机岗,否,3,8.0,8,0.0,常规,SC12
HB,PET-01,2026-10-10,夜班,NIGHT,DEMO-XEMP-PET-01-X04-01,POS-FILL,灌注机岗,是,3,9.5,8,1.5,常规,SC12
HB,PET-01,2026-10-10,夜班,NIGHT,DEMO-XEMP-PET-01-X03-04,POS-PACK,塑包机岗,否,1,9.5,8,1.5,常规,SC12
HB,PET-01,2026-10-10,夜班,NIGHT,DEMO-XEMP-PET-01-X03-03,POS-QUALITY,质量抽检岗,是,1,9.5,8,1.5,常规,SC12
HB,PET-02,2026-10-10,夜班,NIGHT,DEMO-XEMP-PET-02-X04-02,POS-BLOW,吹贴机岗,否,3,9.5,8,1.5,常规,SC12
HB,PET-02,2026-10-10,夜班,NIGHT,DEMO-XEMP-PET-02-X02-01,POS-FILL,灌注机岗,是,4,8.0,8,0.0,常规,SC12
HB,PET-02,2026-10-10,夜班,NIGHT,DEMO-XEMP-PET-02-X03-03,POS-PACK,塑包机岗,否,2,8.0,8,0.0,常规,SC12
HB,PET-02,2026-10-10,夜班,NIGHT,DEMO-XEMP-PET-02-X01-03,POS-QUALITY,质量抽检岗,是,4,9.5,8,1.5,常规,SC12
HB,PET-03,2026-10-10,夜班,NIGHT,DEMO-XEMP-PET-03-X02-02,POS-BLOW,吹贴机岗,否,5,8.0,8,0.0,常规,SC12
HB,PET-03,2026-10-10,夜班,NIGHT,DEMO-XEMP-PET-03-X04-01,POS-FILL,灌注机岗,是,5,8.0,8,0.0,常规,SC12
HB,PET-03,2026-10-10,夜班,NIGHT,DEMO-XEMP-PET-03-X03-04,POS-PACK,塑包机岗,否,3,8.0,8,0.0,常规,SC12
HB,PET-03,2026-10-10,夜班,NIGHT,DEMO-XEMP-PET-03-X02-01,POS-QUALITY,质量抽检岗,是,3,8.0,8,0.0,常规,SC12
SX,ASEPTIC-A,2026-10-11,白班,DAY,DEMO-XEMP-ASEPTIC-A-X02-04,POS-ASEPTIC,无菌操作岗,是,4,8.0,8,0.0,常规,SC12
SX,ASEPTIC-A,2026-10-11,白班,DAY,DEMO-XEMP-ASEPTIC-A-X02-02,POS-LOGISTICS,物料配送岗,否,4,8.0,8,0.0,常规,SC12
SX,ASEPTIC-A,2026-10-11,白班,DAY,DEMO-XEMP-ASEPTIC-A-X04-02,POS-PACK,塑包机岗,否,5,8.0,8,0.0,常规,SC12
SX,ASEPTIC-A,2026-10-11,白班,DAY,DEMO-XEMP-ASEPTIC-A-X01-03,POS-QUALITY,质量抽检岗,是,3,8.0,8,0.0,常规,SC12
SX,ASEPTIC-B,2026-10-11,白班,DAY,DEMO-XEMP-ASEPTIC-B-X02-04,POS-ASEPTIC,无菌操作岗,是,3,9.5,8,1.5,常规,SC12
SX,ASEPTIC-B,2026-10-11,白班,DAY,DEMO-XEMP-ASEPTIC-B-X02-02,POS-LOGISTICS,物料配送岗,否,5,8.0,8,0.0,常规,SC12
SX,ASEPTIC-B,2026-10-11,白班,DAY,DEMO-XEMP-ASEPTIC-B-X03-03,POS-QUALITY,质量抽检岗,是,4,9.5,8,1.5,常规,SC12
SX,ASEPTIC-C,2026-10-11,白班,DAY,DEMO-XEMP-ASEPTIC-C-X02-04,POS-ASEPTIC,无菌操作岗,是,5,8.0,8,0.0,常规,SC12
SX,ASEPTIC-C,2026-10-11,白班,DAY,DEMO-XEMP-ASEPTIC-C-X02-02,POS-LOGISTICS,物料配送岗,否,2,9.5,8,1.5,常规,SC12
SX,ASEPTIC-C,2026-10-11,白班,DAY,DEMO-XEMP-ASEPTIC-C-X03-02,POS-PACK,塑包机岗,否,5,9.5,8,1.5,常规,SC12
SX,ASEPTIC-C,2026-10-11,白班,DAY,DEMO-XEMP-ASEPTIC-C-X03-03,POS-QUALITY,质量抽检岗,是,1,8.0,8,0.0,常规,SC12
HB,PET-01,2026-10-11,白班,DAY,DEMO-XEMP-PET-01-X02-02,POS-BLOW,吹贴机岗,否,2,9.5,8,1.5,常规,SC12
HB,PET-01,2026-10-11,白班,DAY,DEMO-XEMP-PET-01-X02-04,POS-FILL,灌注机岗,是,3,8.0,8,0.0,常规,SC12
HB,PET-01,2026-10-11,白班,DAY,DEMO-XEMP-PET-01-X04-04,POS-PACK,塑包机岗,否,4,9.5,8,1.5,常规,SC12
HB,PET-01,2026-10-11,白班,DAY,DEMO-XEMP-PET-01-X04-03,POS-QUALITY,质量抽检岗,是,4,9.5,8,1.5,常规,SC12
HB,PET-02,2026-10-11,白班,DAY,DEMO-XEMP-PET-02-X02-04,POS-BLOW,吹贴机岗,否,2,9.5,8,1.5,常规,SC12
HB,PET-02,2026-10-11,白班,DAY,DEMO-XEMP-PET-02-X04-04,POS-FILL,灌注机岗,是,3,9.5,8,1.5,常规,SC12
HB,PET-02,2026-10-11,白班,DAY,DEMO-XEMP-PET-02-X02-02,POS-PACK,塑包机岗,否,1,8.0,8,0.0,常规,SC12
HB,PET-02,2026-10-11,白班,DAY,DEMO-XEMP-PET-02-X04-03,POS-QUALITY,质量抽检岗,是,1,9.5,8,1.5,常规,SC12
HB,PET-03,2026-10-11,白班,DAY,DEMO-XEMP-PET-03-X02-04,POS-BLOW,吹贴机岗,否,4,8.0,8,0.0,常规,SC12
HB,PET-03,2026-10-11,白班,DAY,DEMO-XEMP-PET-03-X04-04,POS-FILL,灌注机岗,是,3,8.0,8,0.0,常规,SC12
HB,PET-03,2026-10-11,白班,DAY,DEMO-XEMP-PET-03-X04-03,POS-PACK,塑包机岗,否,2,8.0,8,0.0,常规,SC12
HB,PET-03,2026-10-11,白班,DAY,DEMO-XEMP-PET-03-X01-03,POS-QUALITY,质量抽检岗,是,2,8.0,8,0.0,常规,SC12
SX,ASEPTIC-A,2026-10-11,夜班,NIGHT,DEMO-XEMP-ASEPTIC-A-X02-01,POS-ASEPTIC,无菌操作岗,是,2,8.0,8,0.0,常规,SC12
SX,ASEPTIC-A,2026-10-11,夜班,NIGHT,DEMO-XEMP-ASEPTIC-A-X04-04,POS-LOGISTICS,物料配送岗,否,1,8.0,8,0.0,常规,SC12
SX,ASEPTIC-A,2026-10-11,夜班,NIGHT,DEMO-XEMP-ASEPTIC-A-X03-03,POS-PACK,塑包机岗,否,4,9.5,8,1.5,常规,SC12
SX,ASEPTIC-A,2026-10-11,夜班,NIGHT,DEMO-XEMP-ASEPTIC-A-X04-03,POS-QUALITY,质量抽检岗,是,5,8.0,8,0.0,常规,SC12
SX,ASEPTIC-B,2026-10-11,夜班,NIGHT,DEMO-XEMP-ASEPTIC-B-X04-03,POS-ASEPTIC,无菌操作岗,是,5,9.5,8,1.5,常规,SC12
SX,ASEPTIC-B,2026-10-11,夜班,NIGHT,DEMO-XEMP-ASEPTIC-B-X04-04,POS-LOGISTICS,物料配送岗,否,3,8.0,8,0.0,常规,SC12
SX,ASEPTIC-B,2026-10-11,夜班,NIGHT,DEMO-XEMP-ASEPTIC-B-X04-02,POS-PACK,塑包机岗,否,3,9.5,8,1.5,常规,SC12
SX,ASEPTIC-B,2026-10-11,夜班,NIGHT,DEMO-XEMP-ASEPTIC-B-X01-03,POS-QUALITY,质量抽检岗,是,5,8.0,8,0.0,常规,SC12
SX,ASEPTIC-C,2026-10-11,夜班,NIGHT,DEMO-XEMP-ASEPTIC-C-X02-01,POS-ASEPTIC,无菌操作岗,是,2,8.0,8,0.0,常规,SC12
SX,ASEPTIC-C,2026-10-11,夜班,NIGHT,DEMO-XEMP-ASEPTIC-C-X04-04,POS-LOGISTICS,物料配送岗,否,4,8.0,8,0.0,常规,SC12
SX,ASEPTIC-C,2026-10-11,夜班,NIGHT,DEMO-XEMP-ASEPTIC-C-X01-03,POS-QUALITY,质量抽检岗,是,3,8.0,8,0.0,常规,SC12
HB,PET-01,2026-10-11,夜班,NIGHT,DEMO-XEMP-PET-01-X04-02,POS-BLOW,吹贴机岗,否,3,8.0,8,0.0,常规,SC12
HB,PET-01,2026-10-11,夜班,NIGHT,DEMO-XEMP-PET-01-X02-01,POS-FILL,灌注机岗,是,1,8.0,8,0.0,常规,SC12
HB,PET-01,2026-10-11,夜班,NIGHT,DEMO-XEMP-PET-01-X01-03,POS-PACK,塑包机岗,否,3,8.0,8,0.0,常规,SC12
HB,PET-01,2026-10-11,夜班,NIGHT,DEMO-XEMP-PET-01-X03-03,POS-QUALITY,质量抽检岗,是,1,8.0,8,0.0,常规,SC12
HB,PET-02,2026-10-11,夜班,NIGHT,DEMO-XEMP-PET-02-X03-02,POS-BLOW,吹贴机岗,否,2,8.0,8,0.0,常规,SC12
HB,PET-02,2026-10-11,夜班,NIGHT,DEMO-XEMP-PET-02-X03-03,POS-PACK,塑包机岗,否,2,8.0,8,0.0,常规,SC12
HB,PET-02,2026-10-11,夜班,NIGHT,DEMO-XEMP-PET-02-X01-03,POS-QUALITY,质量抽检岗,是,4,8.0,8,0.0,常规,SC12
HB,PET-03,2026-10-11,夜班,NIGHT,DEMO-XEMP-PET-03-X02-02,POS-BLOW,吹贴机岗,否,5,8.0,8,0.0,常规,SC12
HB,PET-03,2026-10-11,夜班,NIGHT,DEMO-XEMP-PET-03-X04-01,POS-FILL,灌注机岗,是,5,9.5,8,1.5,常规,SC12
HB,PET-03,2026-10-11,夜班,NIGHT,DEMO-XEMP-PET-03-X04-02,POS-PACK,塑包机岗,否,1,9.5,8,1.5,常规,SC12
HB,PET-03,2026-10-11,夜班,NIGHT,DEMO-XEMP-PET-03-X02-01,POS-QUALITY,质量抽检岗,是,3,8.0,8,0.0,常规,SC12
SX,ASEPTIC-A,2026-10-12,白班,DAY,DEMO-XEMP-ASEPTIC-A-X02-02,POS-ASEPTIC,无菌操作岗,是,1,8.0,8,0.0,常规,SC12
SX,ASEPTIC-A,2026-10-12,白班,DAY,DEMO-XEMP-ASEPTIC-A-X02-04,POS-LOGISTICS,物料配送岗,否,1,8.0,8,0.0,常规,SC12
SX,ASEPTIC-A,2026-10-12,白班,DAY,DEMO-XEMP-ASEPTIC-A-X04-02,POS-PACK,塑包机岗,否,5,9.5,8,1.5,常规,SC12
SX,ASEPTIC-A,2026-10-12,白班,DAY,DEMO-XEMP-ASEPTIC-A-X01-03,POS-QUALITY,质量抽检岗,是,3,9.5,8,1.5,常规,SC12
SX,ASEPTIC-B,2026-10-12,白班,DAY,DEMO-XEMP-ASEPTIC-B-X02-04,POS-ASEPTIC,无菌操作岗,是,3,9.5,8,1.5,常规,SC12
SX,ASEPTIC-B,2026-10-12,白班,DAY,DEMO-XEMP-ASEPTIC-B-X02-02,POS-LOGISTICS,物料配送岗,否,5,9.5,8,1.5,常规,SC12
SX,ASEPTIC-B,2026-10-12,白班,DAY,DEMO-XEMP-ASEPTIC-B-X03-02,POS-PACK,塑包机岗,否,4,9.5,8,1.5,常规,SC12
SX,ASEPTIC-B,2026-10-12,白班,DAY,DEMO-XEMP-ASEPTIC-B-X03-03,POS-QUALITY,质量抽检岗,是,4,9.5,8,1.5,常规,SC12
SX,ASEPTIC-C,2026-10-12,白班,DAY,DEMO-XEMP-ASEPTIC-C-X02-04,POS-ASEPTIC,无菌操作岗,是,5,9.5,8,1.5,常规,SC12
SX,ASEPTIC-C,2026-10-12,白班,DAY,DEMO-XEMP-ASEPTIC-C-X02-02,POS-LOGISTICS,物料配送岗,否,2,9.5,8,1.5,常规,SC12
SX,ASEPTIC-C,2026-10-12,白班,DAY,DEMO-XEMP-ASEPTIC-C-X04-02,POS-PACK,塑包机岗,否,5,8.0,8,0.0,常规,SC12
SX,ASEPTIC-C,2026-10-12,白班,DAY,DEMO-XEMP-ASEPTIC-C-X04-03,POS-QUALITY,质量抽检岗,是,5,8.0,8,0.0,常规,SC12
HB,PET-01,2026-10-12,白班,DAY,DEMO-XEMP-PET-01-X02-02,POS-BLOW,吹贴机岗,否,2,9.5,8,1.5,常规,SC12
HB,PET-01,2026-10-12,白班,DAY,DEMO-XEMP-PET-01-X02-04,POS-FILL,灌注机岗,是,3,9.5,8,1.5,常规,SC12
HB,PET-01,2026-10-12,白班,DAY,DEMO-XEMP-PET-01-X04-04,POS-PACK,塑包机岗,否,4,8.0,8,0.0,常规,SC12
HB,PET-01,2026-10-12,白班,DAY,DEMO-XEMP-PET-01-X04-03,POS-QUALITY,质量抽检岗,是,4,8.0,8,0.0,常规,SC12
HB,PET-02,2026-10-12,白班,DAY,DEMO-XEMP-PET-02-X02-02,POS-BLOW,吹贴机岗,否,3,8.0,8,0.0,常规,SC12
HB,PET-02,2026-10-12,白班,DAY,DEMO-XEMP-PET-02-X02-04,POS-FILL,灌注机岗,是,2,9.5,8,1.5,常规,SC12
HB,PET-02,2026-10-12,白班,DAY,DEMO-XEMP-PET-02-X04-04,POS-PACK,塑包机岗,否,2,8.0,8,0.0,常规,SC12
HB,PET-02,2026-10-12,白班,DAY,DEMO-XEMP-PET-02-X04-03,POS-QUALITY,质量抽检岗,是,1,8.0,8,0.0,常规,SC12
HB,PET-03,2026-10-12,白班,DAY,DEMO-XEMP-PET-03-X02-04,POS-BLOW,吹贴机岗,否,4,8.0,8,0.0,常规,SC12
HB,PET-03,2026-10-12,白班,DAY,DEMO-XEMP-PET-03-X04-04,POS-FILL,灌注机岗,是,3,9.5,8,1.5,常规,SC12
HB,PET-03,2026-10-12,白班,DAY,DEMO-XEMP-PET-03-X04-03,POS-PACK,塑包机岗,否,2,9.5,8,1.5,常规,SC12
SX,ASEPTIC-A,2026-10-12,夜班,NIGHT,DEMO-XEMP-ASEPTIC-A-X04-01,POS-ASEPTIC,无菌操作岗,是,1,9.5,8,1.5,常规,SC12
SX,ASEPTIC-A,2026-10-12,夜班,NIGHT,DEMO-XEMP-ASEPTIC-A-X03-04,POS-LOGISTICS,物料配送岗,否,2,8.0,8,0.0,常规,SC12
SX,ASEPTIC-A,2026-10-12,夜班,NIGHT,DEMO-XEMP-ASEPTIC-A-X03-03,POS-PACK,塑包机岗,否,4,9.5,8,1.5,常规,SC12
SX,ASEPTIC-A,2026-10-12,夜班,NIGHT,DEMO-XEMP-ASEPTIC-A-X04-03,POS-QUALITY,质量抽检岗,是,5,8.0,8,0.0,常规,SC12
SX,ASEPTIC-B,2026-10-12,夜班,NIGHT,DEMO-XEMP-ASEPTIC-B-X04-03,POS-ASEPTIC,无菌操作岗,是,5,9.5,8,1.5,常规,SC12
SX,ASEPTIC-B,2026-10-12,夜班,NIGHT,DEMO-XEMP-ASEPTIC-B-X04-04,POS-LOGISTICS,物料配送岗,否,3,9.5,8,1.5,常规,SC12
SX,ASEPTIC-B,2026-10-12,夜班,NIGHT,DEMO-XEMP-ASEPTIC-B-X01-03,POS-QUALITY,质量抽检岗,是,5,8.0,8,0.0,常规,SC12
SX,ASEPTIC-C,2026-10-12,夜班,NIGHT,DEMO-XEMP-ASEPTIC-C-X04-01,POS-ASEPTIC,无菌操作岗,是,2,9.5,8,1.5,常规,SC12
SX,ASEPTIC-C,2026-10-12,夜班,NIGHT,DEMO-XEMP-ASEPTIC-C-X04-04,POS-LOGISTICS,物料配送岗,否,4,8.0,8,0.0,常规,SC12
SX,ASEPTIC-C,2026-10-12,夜班,NIGHT,DEMO-XEMP-ASEPTIC-C-X03-02,POS-PACK,塑包机岗,否,5,9.5,8,1.5,常规,SC12
SX,ASEPTIC-C,2026-10-12,夜班,NIGHT,DEMO-XEMP-ASEPTIC-C-X03-03,POS-QUALITY,质量抽检岗,是,1,8.0,8,0.0,常规,SC12
HB,PET-01,2026-10-12,夜班,NIGHT,DEMO-XEMP-PET-01-X04-02,POS-BLOW,吹贴机岗,否,3,8.0,8,0.0,常规,SC12
HB,PET-01,2026-10-12,夜班,NIGHT,DEMO-XEMP-PET-01-X04-01,POS-FILL,灌注机岗,是,3,8.0,8,0.0,常规,SC12
HB,PET-01,2026-10-12,夜班,NIGHT,DEMO-XEMP-PET-01-X03-04,POS-PACK,塑包机岗,否,1,9.5,8,1.5,常规,SC12
HB,PET-01,2026-10-12,夜班,NIGHT,DEMO-XEMP-PET-01-X01-03,POS-QUALITY,质量抽检岗,是,1,8.0,8,0.0,常规,SC12
HB,PET-02,2026-10-12,夜班,NIGHT,DEMO-XEMP-PET-02-X04-02,POS-BLOW,吹贴机岗,否,3,9.5,8,1.5,常规,SC12
HB,PET-02,2026-10-12,夜班,NIGHT,DEMO-XEMP-PET-02-X04-01,POS-FILL,灌注机岗,是,3,9.5,8,1.5,常规,SC12
HB,PET-02,2026-10-12,夜班,NIGHT,DEMO-XEMP-PET-02-X01-03,POS-PACK,塑包机岗,否,5,8.0,8,0.0,常规,SC12
HB,PET-02,2026-10-12,夜班,NIGHT,DEMO-XEMP-PET-02-X02-03,POS-QUALITY,质量抽检岗,是,5,8.0,8,0.0,常规,SC12
HB,PET-03,2026-10-12,夜班,NIGHT,DEMO-XEMP-PET-03-X02-02,POS-BLOW,吹贴机岗,否,5,9.5,8,1.5,常规,SC12
HB,PET-03,2026-10-12,夜班,NIGHT,DEMO-XEMP-PET-03-X04-01,POS-FILL,灌注机岗,是,5,9.5,8,1.5,常规,SC12
HB,PET-03,2026-10-12,夜班,NIGHT,DEMO-XEMP-PET-03-X03-04,POS-PACK,塑包机岗,否,3,9.5,8,1.5,常规,SC12
HB,PET-03,2026-10-12,夜班,NIGHT,DEMO-XEMP-PET-03-X02-01,POS-QUALITY,质量抽检岗,是,3,8.0,8,0.0,常规,SC12
SX,ASEPTIC-A,2026-10-13,白班,DAY,DEMO-XEMP-ASEPTIC-A-X02-04,POS-ASEPTIC,无菌操作岗,是,4,8.0,8,0.0,常规,SC12
SX,ASEPTIC-A,2026-10-13,白班,DAY,DEMO-XEMP-ASEPTIC-A-X04-04,POS-LOGISTICS,物料配送岗,否,1,8.0,8,0.0,常规,SC12
SX,ASEPTIC-A,2026-10-13,白班,DAY,DEMO-XEMP-ASEPTIC-A-X02-02,POS-PACK,塑包机岗,否,1,9.5,8,1.5,常规,SC12
SX,ASEPTIC-A,2026-10-13,白班,DAY,DEMO-XEMP-ASEPTIC-A-X01-03,POS-QUALITY,质量抽检岗,是,3,8.0,8,0.0,常规,SC12
SX,ASEPTIC-B,2026-10-13,白班,DAY,DEMO-XEMP-ASEPTIC-B-X02-04,POS-ASEPTIC,无菌操作岗,是,3,8.0,8,0.0,常规,SC12
SX,ASEPTIC-B,2026-10-13,白班,DAY,DEMO-XEMP-ASEPTIC-B-X02-02,POS-LOGISTICS,物料配送岗,否,5,9.5,8,1.5,常规,SC12
SX,ASEPTIC-B,2026-10-13,白班,DAY,DEMO-XEMP-ASEPTIC-B-X04-02,POS-PACK,塑包机岗,否,3,9.5,8,1.5,常规,SC12
SX,ASEPTIC-B,2026-10-13,白班,DAY,DEMO-XEMP-ASEPTIC-B-X03-03,POS-QUALITY,质量抽检岗,是,4,8.0,8,0.0,常规,SC12
SX,ASEPTIC-C,2026-10-13,白班,DAY,DEMO-XEMP-ASEPTIC-C-X02-02,POS-ASEPTIC,无菌操作岗,是,3,8.0,8,0.0,常规,SC12
SX,ASEPTIC-C,2026-10-13,白班,DAY,DEMO-XEMP-ASEPTIC-C-X02-04,POS-LOGISTICS,物料配送岗,否,3,9.5,8,1.5,常规,SC12
SX,ASEPTIC-C,2026-10-13,白班,DAY,DEMO-XEMP-ASEPTIC-C-X04-02,POS-PACK,塑包机岗,否,5,8.0,8,0.0,常规,SC12
SX,ASEPTIC-C,2026-10-13,白班,DAY,DEMO-XEMP-ASEPTIC-C-X01-03,POS-QUALITY,质量抽检岗,是,3,8.0,8,0.0,常规,SC12
HB,PET-01,2026-10-13,白班,DAY,DEMO-XEMP-PET-01-X02-02,POS-BLOW,吹贴机岗,否,2,9.5,8,1.5,常规,SC12
HB,PET-01,2026-10-13,白班,DAY,DEMO-XEMP-PET-01-X02-04,POS-FILL,灌注机岗,是,3,8.0,8,0.0,常规,SC12
HB,PET-01,2026-10-13,白班,DAY,DEMO-XEMP-PET-01-X04-04,POS-PACK,塑包机岗,否,4,8.0,8,0.0,常规,SC12
HB,PET-01,2026-10-13,白班,DAY,DEMO-XEMP-PET-01-X04-03,POS-QUALITY,质量抽检岗,是,4,9.5,8,1.5,常规,SC12
HB,PET-02,2026-10-13,白班,DAY,DEMO-XEMP-PET-02-X02-02,POS-BLOW,吹贴机岗,否,3,9.5,8,1.5,常规,SC12
HB,PET-02,2026-10-13,白班,DAY,DEMO-XEMP-PET-02-X02-04,POS-FILL,灌注机岗,是,2,8.0,8,0.0,常规,SC12
HB,PET-02,2026-10-13,白班,DAY,DEMO-XEMP-PET-02-X04-04,POS-PACK,塑包机岗,否,2,9.5,8,1.5,常规,SC12
HB,PET-02,2026-10-13,白班,DAY,DEMO-XEMP-PET-02-X03-03,POS-QUALITY,质量抽检岗,是,5,8.0,8,0.0,常规,SC12
HB,PET-03,2026-10-13,白班,DAY,DEMO-XEMP-PET-03-X02-04,POS-BLOW,吹贴机岗,否,4,8.0,8,0.0,常规,SC12
HB,PET-03,2026-10-13,白班,DAY,DEMO-XEMP-PET-03-X04-04,POS-FILL,灌注机岗,是,3,8.0,8,0.0,常规,SC12
HB,PET-03,2026-10-13,白班,DAY,DEMO-XEMP-PET-03-X03-03,POS-PACK,塑包机岗,否,2,8.0,8,0.0,常规,SC12
HB,PET-03,2026-10-13,白班,DAY,DEMO-XEMP-PET-03-X04-03,POS-QUALITY,质量抽检岗,是,1,9.5,8,1.5,常规,SC12
SX,ASEPTIC-A,2026-10-13,夜班,NIGHT,DEMO-XEMP-ASEPTIC-A-X04-01,POS-ASEPTIC,无菌操作岗,是,1,8.0,8,0.0,常规,SC12
SX,ASEPTIC-A,2026-10-13,夜班,NIGHT,DEMO-XEMP-ASEPTIC-A-X03-04,POS-LOGISTICS,物料配送岗,否,2,9.5,8,1.5,常规,SC12
SX,ASEPTIC-A,2026-10-13,夜班,NIGHT,DEMO-XEMP-ASEPTIC-A-X03-03,POS-PACK,塑包机岗,否,4,8.0,8,0.0,常规,SC12
SX,ASEPTIC-B,2026-10-13,夜班,NIGHT,DEMO-XEMP-ASEPTIC-B-X04-03,POS-ASEPTIC,无菌操作岗,是,5,8.0,8,0.0,常规,SC12
SX,ASEPTIC-B,2026-10-13,夜班,NIGHT,DEMO-XEMP-ASEPTIC-B-X04-04,POS-LOGISTICS,物料配送岗,否,3,8.0,8,0.0,常规,SC12
SX,ASEPTIC-B,2026-10-13,夜班,NIGHT,DEMO-XEMP-ASEPTIC-B-X03-02,POS-PACK,塑包机岗,否,4,8.0,8,0.0,常规,SC12
SX,ASEPTIC-B,2026-10-13,夜班,NIGHT,DEMO-XEMP-ASEPTIC-B-X01-03,POS-QUALITY,质量抽检岗,是,5,8.0,8,0.0,常规,SC12
SX,ASEPTIC-C,2026-10-13,夜班,NIGHT,DEMO-XEMP-ASEPTIC-C-X04-01,POS-ASEPTIC,无菌操作岗,是,2,8.0,8,0.0,常规,SC12
SX,ASEPTIC-C,2026-10-13,夜班,NIGHT,DEMO-XEMP-ASEPTIC-C-X04-04,POS-LOGISTICS,物料配送岗,否,4,8.0,8,0.0,常规,SC12
SX,ASEPTIC-C,2026-10-13,夜班,NIGHT,DEMO-XEMP-ASEPTIC-C-X03-02,POS-PACK,塑包机岗,否,5,8.0,8,0.0,常规,SC12
SX,ASEPTIC-C,2026-10-13,夜班,NIGHT,DEMO-XEMP-ASEPTIC-C-X04-03,POS-QUALITY,质量抽检岗,是,5,8.0,8,0.0,常规,SC12
HB,PET-01,2026-10-13,夜班,NIGHT,DEMO-XEMP-PET-01-X03-02,POS-BLOW,吹贴机岗,否,4,8.0,8,0.0,常规,SC12
HB,PET-01,2026-10-13,夜班,NIGHT,DEMO-XEMP-PET-01-X02-01,POS-FILL,灌注机岗,是,1,9.5,8,1.5,常规,SC12
HB,PET-01,2026-10-13,夜班,NIGHT,DEMO-XEMP-PET-01-X03-03,POS-PACK,塑包机岗,否,5,8.0,8,0.0,常规,SC12
HB,PET-01,2026-10-13,夜班,NIGHT,DEMO-XEMP-PET-01-X01-03,POS-QUALITY,质量抽检岗,是,1,8.0,8,0.0,常规,SC12
HB,PET-02,2026-10-13,夜班,NIGHT,DEMO-XEMP-PET-02-X04-02,POS-BLOW,吹贴机岗,否,3,9.5,8,1.5,常规,SC12
HB,PET-02,2026-10-13,夜班,NIGHT,DEMO-XEMP-PET-02-X04-01,POS-FILL,灌注机岗,是,3,8.0,8,0.0,常规,SC12
HB,PET-02,2026-10-13,夜班,NIGHT,DEMO-XEMP-PET-02-X01-03,POS-PACK,塑包机岗,否,5,8.0,8,0.0,常规,SC12
HB,PET-02,2026-10-13,夜班,NIGHT,DEMO-XEMP-PET-02-X04-03,POS-QUALITY,质量抽检岗,是,1,8.0,8,0.0,常规,SC12
HB,PET-03,2026-10-13,夜班,NIGHT,DEMO-XEMP-PET-03-X02-02,POS-BLOW,吹贴机岗,否,5,9.5,8,1.5,常规,SC12
HB,PET-03,2026-10-13,夜班,NIGHT,DEMO-XEMP-PET-03-X04-01,POS-FILL,灌注机岗,是,5,9.5,8,1.5,常规,SC12
HB,PET-03,2026-10-13,夜班,NIGHT,DEMO-XEMP-PET-03-X04-02,POS-PACK,塑包机岗,否,1,8.0,8,0.0,常规,SC12
HB,PET-03,2026-10-13,夜班,NIGHT,DEMO-XEMP-PET-03-X03-04,POS-QUALITY,质量抽检岗,是,4,9.5,8,1.5,常规,SC12
SX,ASEPTIC-A,2026-10-14,白班,DAY,DEMO-XEMP-ASEPTIC-A-X02-01,POS-ASEPTIC,无菌操作岗,是,2,8.0,8,0.0,常规,SC12
SX,ASEPTIC-A,2026-10-14,白班,DAY,DEMO-XEMP-ASEPTIC-A-X04-04,POS-LOGISTICS,物料配送岗,否,1,8.0,8,0.0,常规,SC12
SX,ASEPTIC-A,2026-10-14,白班,DAY,DEMO-XEMP-ASEPTIC-A-X04-02,POS-PACK,塑包机岗,否,5,9.5,8,1.5,常规,SC12
SX,ASEPTIC-A,2026-10-14,白班,DAY,DEMO-XEMP-ASEPTIC-A-X04-03,POS-QUALITY,质量抽检岗,是,5,9.5,8,1.5,常规,SC12
SX,ASEPTIC-B,2026-10-14,白班,DAY,DEMO-XEMP-ASEPTIC-B-X02-01,POS-ASEPTIC,无菌操作岗,是,1,8.0,8,0.0,常规,SC12
SX,ASEPTIC-B,2026-10-14,白班,DAY,DEMO-XEMP-ASEPTIC-B-X03-04,POS-LOGISTICS,物料配送岗,否,2,8.0,8,0.0,常规,SC12
SX,ASEPTIC-B,2026-10-14,白班,DAY,DEMO-XEMP-ASEPTIC-B-X03-03,POS-QUALITY,质量抽检岗,是,4,8.0,8,0.0,常规,SC12
SX,ASEPTIC-C,2026-10-14,白班,DAY,DEMO-XEMP-ASEPTIC-C-X02-01,POS-ASEPTIC,无菌操作岗,是,2,9.5,8,1.5,常规,SC12
SX,ASEPTIC-C,2026-10-14,白班,DAY,DEMO-XEMP-ASEPTIC-C-X03-04,POS-LOGISTICS,物料配送岗,否,2,8.0,8,0.0,常规,SC12
SX,ASEPTIC-C,2026-10-14,白班,DAY,DEMO-XEMP-ASEPTIC-C-X04-02,POS-PACK,塑包机岗,否,5,8.0,8,0.0,常规,SC12
SX,ASEPTIC-C,2026-10-14,白班,DAY,DEMO-XEMP-ASEPTIC-C-X03-03,POS-QUALITY,质量抽检岗,是,1,8.0,8,0.0,常规,SC12
HB,PET-01,2026-10-14,白班,DAY,DEMO-XEMP-PET-01-X04-02,POS-BLOW,吹贴机岗,否,3,8.0,8,0.0,常规,SC12
HB,PET-01,2026-10-14,白班,DAY,DEMO-XEMP-PET-01-X04-01,POS-FILL,灌注机岗,是,3,8.0,8,0.0,常规,SC12
HB,PET-01,2026-10-14,白班,DAY,DEMO-XEMP-PET-01-X03-04,POS-PACK,塑包机岗,否,1,8.0,8,0.0,常规,SC12
HB,PET-01,2026-10-14,白班,DAY,DEMO-XEMP-PET-01-X04-03,POS-QUALITY,质量抽检岗,是,4,8.0,8,0.0,常规,SC12
HB,PET-02,2026-10-14,白班,DAY,DEMO-XEMP-PET-02-X03-04,POS-BLOW,吹贴机岗,否,2,8.0,8,0.0,常规,SC12
HB,PET-02,2026-10-14,白班,DAY,DEMO-XEMP-PET-02-X02-01,POS-FILL,灌注机岗,是,4,8.0,8,0.0,常规,SC12
HB,PET-02,2026-10-14,白班,DAY,DEMO-XEMP-PET-02-X03-03,POS-PACK,塑包机岗,否,2,9.5,8,1.5,常规,SC12
HB,PET-02,2026-10-14,白班,DAY,DEMO-XEMP-PET-02-X02-03,POS-QUALITY,质量抽检岗,是,5,8.0,8,0.0,常规,SC12
HB,PET-03,2026-10-14,白班,DAY,DEMO-XEMP-PET-03-X03-02,POS-BLOW,吹贴机岗,否,5,8.0,8,0.0,常规,SC12
HB,PET-03,2026-10-14,白班,DAY,DEMO-XEMP-PET-03-X03-03,POS-FILL,灌注机岗,是,4,9.5,8,1.5,常规,SC12
HB,PET-03,2026-10-14,白班,DAY,DEMO-XEMP-PET-03-X01-03,POS-PACK,塑包机岗,否,5,8.0,8,0.0,常规,SC12
HB,PET-03,2026-10-14,白班,DAY,DEMO-XEMP-PET-03-X04-03,POS-QUALITY,质量抽检岗,是,1,9.5,8,1.5,常规,SC12
SX,ASEPTIC-A,2026-10-14,夜班,NIGHT,DEMO-XEMP-ASEPTIC-A-X04-01,POS-ASEPTIC,无菌操作岗,是,1,9.5,8,1.5,常规,SC12
SX,ASEPTIC-A,2026-10-14,夜班,NIGHT,DEMO-XEMP-ASEPTIC-A-X03-04,POS-LOGISTICS,物料配送岗,否,2,8.0,8,0.0,常规,SC12
SX,ASEPTIC-A,2026-10-14,夜班,NIGHT,DEMO-XEMP-ASEPTIC-A-X03-03,POS-PACK,塑包机岗,否,4,8.0,8,0.0,常规,SC12
SX,ASEPTIC-A,2026-10-14,夜班,NIGHT,DEMO-XEMP-ASEPTIC-A-X01-03,POS-QUALITY,质量抽检岗,是,3,8.0,8,0.0,常规,SC12
SX,ASEPTIC-B,2026-10-14,夜班,NIGHT,DEMO-XEMP-ASEPTIC-B-X04-02,POS-ASEPTIC,无菌操作岗,是,4,9.5,8,1.5,常规,SC12
SX,ASEPTIC-B,2026-10-14,夜班,NIGHT,DEMO-XEMP-ASEPTIC-B-X04-03,POS-LOGISTICS,物料配送岗,否,2,8.0,8,0.0,常规,SC12
SX,ASEPTIC-B,2026-10-14,夜班,NIGHT,DEMO-XEMP-ASEPTIC-B-X03-02,POS-PACK,塑包机岗,否,4,8.0,8,0.0,常规,SC12
SX,ASEPTIC-B,2026-10-14,夜班,NIGHT,DEMO-XEMP-ASEPTIC-B-X02-03,POS-QUALITY,质量抽检岗,是,1,9.5,8,1.5,常规,SC12
SX,ASEPTIC-C,2026-10-14,夜班,NIGHT,DEMO-XEMP-ASEPTIC-C-X04-01,POS-ASEPTIC,无菌操作岗,是,2,9.5,8,1.5,常规,SC12
SX,ASEPTIC-C,2026-10-14,夜班,NIGHT,DEMO-XEMP-ASEPTIC-C-X04-03,POS-LOGISTICS,物料配送岗,否,3,8.0,8,0.0,常规,SC12
SX,ASEPTIC-C,2026-10-14,夜班,NIGHT,DEMO-XEMP-ASEPTIC-C-X03-02,POS-PACK,塑包机岗,否,5,8.0,8,0.0,常规,SC12
SX,ASEPTIC-C,2026-10-14,夜班,NIGHT,DEMO-XEMP-ASEPTIC-C-X01-03,POS-QUALITY,质量抽检岗,是,3,9.5,8,1.5,常规,SC12
HB,PET-01,2026-10-14,夜班,NIGHT,DEMO-XEMP-PET-01-X03-02,POS-BLOW,吹贴机岗,否,4,8.0,8,0.0,常规,SC12
HB,PET-01,2026-10-14,夜班,NIGHT,DEMO-XEMP-PET-01-X02-01,POS-FILL,灌注机岗,是,1,8.0,8,0.0,常规,SC12
HB,PET-01,2026-10-14,夜班,NIGHT,DEMO-XEMP-PET-01-X03-03,POS-PACK,塑包机岗,否,5,8.0,8,0.0,常规,SC12
HB,PET-01,2026-10-14,夜班,NIGHT,DEMO-XEMP-PET-01-X01-03,POS-QUALITY,质量抽检岗,是,1,9.5,8,1.5,常规,SC12
HB,PET-02,2026-10-14,夜班,NIGHT,DEMO-XEMP-PET-02-X04-02,POS-BLOW,吹贴机岗,否,3,8.0,8,0.0,常规,SC12
HB,PET-02,2026-10-14,夜班,NIGHT,DEMO-XEMP-PET-02-X04-01,POS-FILL,灌注机岗,是,3,8.0,8,0.0,常规,SC12
HB,PET-02,2026-10-14,夜班,NIGHT,DEMO-XEMP-PET-02-X03-02,POS-PACK,塑包机岗,否,4,8.0,8,0.0,常规,SC12
HB,PET-02,2026-10-14,夜班,NIGHT,DEMO-XEMP-PET-02-X03-01,POS-QUALITY,质量抽检岗,是,3,9.5,8,1.5,常规,SC12
HB,PET-03,2026-10-14,夜班,NIGHT,DEMO-XEMP-PET-03-X04-02,POS-BLOW,吹贴机岗,否,5,9.5,8,1.5,常规,SC12
HB,PET-03,2026-10-14,夜班,NIGHT,DEMO-XEMP-PET-03-X04-01,POS-FILL,灌注机岗,是,5,9.5,8,1.5,常规,SC12
HB,PET-03,2026-10-14,夜班,NIGHT,DEMO-XEMP-PET-03-X03-04,POS-PACK,塑包机岗,否,3,9.5,8,1.5,常规,SC12
HB,PET-03,2026-10-14,夜班,NIGHT,DEMO-XEMP-PET-03-X02-01,POS-QUALITY,质量抽检岗,是,3,8.0,8,0.0,常规,SC12
缺口记录（47 条）,,,,,,,,,,,,,,
岗位编码,岗位名称,产线编码,日期,班次,缺口人班,,,,,,,,,
POS-PACK,塑包机岗,ASEPTIC-A,2026-10-01,白班,1,,,,,,,,,
POS-ASEPTIC,无菌操作岗,ASEPTIC-A,2026-10-05,白班,1,,,,,,,,,
POS-LOGISTICS,物料配送岗,ASEPTIC-A,2026-10-05,夜班,1,,,,,,,,,
POS-ASEPTIC,无菌操作岗,ASEPTIC-A,2026-10-07,夜班,1,,,,,,,,,
POS-QUALITY,质量抽检岗,ASEPTIC-A,2026-10-08,白班,1,,,,,,,,,
POS-QUALITY,质量抽检岗,ASEPTIC-A,2026-10-08,夜班,1,,,,,,,,,
POS-PACK,塑包机岗,ASEPTIC-A,2026-10-10,白班,1,,,,,,,,,
POS-QUALITY,质量抽检岗,ASEPTIC-A,2026-10-13,夜班,1,,,,,,,,,
POS-QUALITY,质量抽检岗,ASEPTIC-B,2026-10-03,白班,1,,,,,,,,,
POS-PACK,塑包机岗,ASEPTIC-B,2026-10-03,夜班,1,,,,,,,,,
POS-PACK,塑包机岗,ASEPTIC-B,2026-10-05,夜班,1,,,,,,,,,
POS-ASEPTIC,无菌操作岗,ASEPTIC-B,2026-10-07,夜班,1,,,,,,,,,
POS-ASEPTIC,无菌操作岗,ASEPTIC-B,2026-10-08,白班,1,,,,,,,,,
POS-PACK,塑包机岗,ASEPTIC-B,2026-10-09,白班,1,,,,,,,,,
POS-PACK,塑包机岗,ASEPTIC-B,2026-10-11,白班,1,,,,,,,,,
POS-PACK,塑包机岗,ASEPTIC-B,2026-10-12,夜班,1,,,,,,,,,
POS-PACK,塑包机岗,ASEPTIC-B,2026-10-14,白班,1,,,,,,,,,
POS-QUALITY,质量抽检岗,ASEPTIC-C,2026-10-01,夜班,1,,,,,,,,,
POS-PACK,塑包机岗,ASEPTIC-C,2026-10-02,白班,1,,,,,,,,,
POS-PACK,塑包机岗,ASEPTIC-C,2026-10-02,夜班,1,,,,,,,,,
POS-PACK,塑包机岗,ASEPTIC-C,2026-10-03,白班,1,,,,,,,,,
POS-ASEPTIC,无菌操作岗,ASEPTIC-C,2026-10-03,夜班,1,,,,,,,,,
POS-PACK,塑包机岗,ASEPTIC-C,2026-10-06,夜班,1,,,,,,,,,
POS-ASEPTIC,无菌操作岗,ASEPTIC-C,2026-10-07,夜班,1,,,,,,,,,
POS-QUALITY,质量抽检岗,ASEPTIC-C,2026-10-08,白班,1,,,,,,,,,
POS-PACK,塑包机岗,ASEPTIC-C,2026-10-08,夜班,1,,,,,,,,,
POS-ASEPTIC,无菌操作岗,ASEPTIC-C,2026-10-09,白班,1,,,,,,,,,
POS-PACK,塑包机岗,ASEPTIC-C,2026-10-11,夜班,1,,,,,,,,,
POS-BLOW,吹贴机岗,PET-01,2026-10-03,白班,1,,,,,,,,,
POS-FILL,灌注机岗,PET-01,2026-10-03,白班,1,,,,,,,,,
POS-BLOW,吹贴机岗,PET-01,2026-10-03,夜班,1,,,,,,,,,
POS-QUALITY,质量抽检岗,PET-01,2026-10-05,白班,1,,,,,,,,,
POS-BLOW,吹贴机岗,PET-01,2026-10-06,夜班,1,,,,,,,,,
POS-FILL,灌注机岗,PET-01,2026-10-07,夜班,1,,,,,,,,,
POS-PACK,塑包机岗,PET-01,2026-10-08,白班,1,,,,,,,,,
POS-BLOW,吹贴机岗,PET-02,2026-10-04,夜班,1,,,,,,,,,
POS-PACK,塑包机岗,PET-02,2026-10-05,白班,1,,,,,,,,,
POS-FILL,灌注机岗,PET-02,2026-10-11,夜班,1,,,,,,,,,
POS-FILL,灌注机岗,PET-03,2026-10-03,白班,1,,,,,,,,,
POS-BLOW,吹贴机岗,PET-03,2026-10-04,白班,1,,,,,,,,,
POS-FILL,灌注机岗,PET-03,2026-10-08,白班,1,,,,,,,,,
POS-QUALITY,质量抽检岗,PET-03,2026-10-08,白班,1,,,,,,,,,
POS-FILL,灌注机岗,PET-03,2026-10-08,夜班,1,,,,,,,,,
POS-PACK,塑包机岗,PET-03,2026-10-08,夜班,1,,,,,,,,,
POS-BLOW,吹贴机岗,PET-03,2026-10-09,夜班,1,,,,,,,,,
POS-QUALITY,质量抽检岗,PET-03,2026-10-09,夜班,1,,,,,,,,,
POS-QUALITY,质量抽检岗,PET-03,2026-10-12,白班,1,,,,,,,,,
非完整班次记录（0 条）,,,,,,,,,,,,,,
员工工号,岗位编码,日期,班次编码,非完整班次工时,,,,,,,,,,
