employee_id,schedule_date,shift_code,status,source_type
EMP-DEMO-0001,2026-10-01,D12,present,synthetic_demo
EMP-DEMO-0002,2026-10-01,N12,present,synthetic_demo
EMP-DEMO-0003,2026-10-01,D8,present,synthetic_demo
EMP-DEMO-0004,2026-10-01,D12,present,synthetic_demo
EMP-DEMO-0005,2026-10-01,N12,present,synthetic_demo
EMP-DEMO-0006,2026-10-01,D8,present,synthetic_demo
EMP-DEMO-0007,2026-10-01,D12,present,synthetic_demo
EMP-DEMO-0008,2026-10-01,N12,present,synthetic_demo
EMP-DEMO-0009,2026-10-01,D8,absent,synthetic_demo
EMP-DEMO-0010,2026-10-01,D12,present,synthetic_demo
EMP-DEMO-0011,2026-10-01,N12,present,synthetic_demo
EMP-DEMO-0012,2026-10-01,D8,present,synthetic_demo
EMP-DEMO-0013,2026-10-01,D12,present,synthetic_demo
EMP-DEMO-0014,2026-10-01,N12,present,synthetic_demo
EMP-DEMO-0015,2026-10-01,D8,present,synthetic_demo
EMP-DEMO-0016,2026-10-01,D12,present,synthetic_demo
EMP-DEMO-0017,2026-10-01,N12,present,synthetic_demo
EMP-DEMO-0018,2026-10-01,D8,present,synthetic_demo
EMP-DEMO-0019,2026-10-01,D12,present,synthetic_demo
EMP-DEMO-0020,2026-10-01,N12,present,synthetic_demo
EMP-DEMO-0021,2026-10-01,D8,present,synthetic_demo
EMP-DEMO-0022,2026-10-01,D12,present,synthetic_demo
EMP-DEMO-0023,2026-10-01,N12,present,synthetic_demo
EMP-DEMO-0024,2026-10-01,D8,present,synthetic_demo
EMP-DEMO-0025,2026-10-01,D12,present,synthetic_demo
EMP-DEMO-0026,2026-10-01,N12,present,synthetic_demo
EMP-DEMO-0027,2026-10-01,D8,present,synthetic_demo
EMP-DEMO-0028,2026-10-01,D12,absent,synthetic_demo
EMP-DEMO-0029,2026-10-01,N12,present,synthetic_demo
EMP-DEMO-0030,2026-10-01,D8,present,synthetic_demo
EMP-DEMO-0031,2026-10-01,D12,present,synthetic_demo
EMP-DEMO-0032,2026-10-01,N12,present,synthetic_demo
EMP-DEMO-0033,2026-10-01,D8,present,synthetic_demo
EMP-DEMO-0034,2026-10-01,D12,present,synthetic_demo
EMP-DEMO-0035,2026-10-01,N12,present,synthetic_demo
EMP-DEMO-0036,2026-10-01,D8,present,synthetic_demo
EMP-DEMO-0037,2026-10-01,D12,present,synthetic_demo
EMP-DEMO-0038,2026-10-01,N12,present,synthetic_demo
EMP-DEMO-0039,2026-10-01,D8,present,synthetic_demo
EMP-DEMO-0040,2026-10-01,D12,present,synthetic_demo
EMP-DEMO-0001,2026-10-02,N12,present,synthetic_demo
EMP-DEMO-0002,2026-10-02,D8,present,synthetic_demo
EMP-DEMO-0003,2026-10-02,D12,present,synthetic_demo
EMP-DEMO-0004,2026-10-02,N12,present,synthetic_demo
EMP-DEMO-0005,2026-10-02,D8,present,synthetic_demo
EMP-DEMO-0006,2026-10-02,D12,present,synthetic_demo
EMP-DEMO-0007,2026-10-02,N12,present,synthetic_demo
EMP-DEMO-0008,2026-10-02,D8,present,synthetic_demo
EMP-DEMO-0009,2026-10-02,D12,present,synthetic_demo
EMP-DEMO-0010,2026-10-02,N12,present,synthetic_demo
EMP-DEMO-0011,2026-10-02,D8,present,synthetic_demo
EMP-DEMO-0012,2026-10-02,D12,present,synthetic_demo
EMP-DEMO-0013,2026-10-02,N12,present,synthetic_demo
EMP-DEMO-0014,2026-10-02,D8,absent,synthetic_demo
EMP-DEMO-0015,2026-10-02,D12,present,synthetic_demo
EMP-DEMO-0016,2026-10-02,N12,present,synthetic_demo
EMP-DEMO-0017,2026-10-02,D8,present,synthetic_demo
EMP-DEMO-0018,2026-10-02,D12,present,synthetic_demo
EMP-DEMO-0019,2026-10-02,N12,present,synthetic_demo
EMP-DEMO-0020,2026-10-02,D8,present,synthetic_demo
EMP-DEMO-0021,2026-10-02,D12,present,synthetic_demo
EMP-DEMO-0022,2026-10-02,N12,present,synthetic_demo
EMP-DEMO-0023,2026-10-02,D8,present,synthetic_demo
EMP-DEMO-0024,2026-10-02,D12,present,synthetic_demo
EMP-DEMO-0025,2026-10-02,N12,present,synthetic_demo
EMP-DEMO-0026,2026-10-02,D8,present,synthetic_demo
EMP-DEMO-0027,2026-10-02,D12,present,synthetic_demo
EMP-DEMO-0028,2026-10-02,N12,present,synthetic_demo
EMP-DEMO-0029,2026-10-02,D8,present,synthetic_demo
EMP-DEMO-0030,2026-10-02,D12,absent,synthetic_demo
EMP-DEMO-0031,2026-10-02,N12,present,synthetic_demo
EMP-DEMO-0032,2026-10-02,D8,present,synthetic_demo
EMP-DEMO-0033,2026-10-02,D12,present,synthetic_demo
EMP-DEMO-0034,2026-10-02,N12,present,synthetic_demo
EMP-DEMO-0035,2026-10-02,D8,present,synthetic_demo
EMP-DEMO-0036,2026-10-02,D12,present,synthetic_demo
EMP-DEMO-0037,2026-10-02,N12,present,synthetic_demo
EMP-DEMO-0038,2026-10-02,D8,present,synthetic_demo
EMP-DEMO-0039,2026-10-02,D12,present,synthetic_demo
EMP-DEMO-0040,2026-10-02,N12,present,synthetic_demo
EMP-DEMO-0001,2026-10-03,D8,present,synthetic_demo
EMP-DEMO-0002,2026-10-03,D12,present,synthetic_demo
EMP-DEMO-0003,2026-10-03,N12,present,synthetic_demo
EMP-DEMO-0004,2026-10-03,D8,present,synthetic_demo
EMP-DEMO-0005,2026-10-03,D12,present,synthetic_demo
EMP-DEMO-0006,2026-10-03,N12,present,synthetic_demo
EMP-DEMO-0007,2026-10-03,D8,present,synthetic_demo
EMP-DEMO-0008,2026-10-03,D12,present,synthetic_demo
EMP-DEMO-0009,2026-10-03,N12,present,synthetic_demo
EMP-DEMO-0010,2026-10-03,D8,present,synthetic_demo
EMP-DEMO-0011,2026-10-03,D12,present,synthetic_demo
EMP-DEMO-0012,2026-10-03,N12,present,synthetic_demo
EMP-DEMO-0013,2026-10-03,D8,present,synthetic_demo
EMP-DEMO-0014,2026-10-03,D12,present,synthetic_demo
EMP-DEMO-0015,2026-10-03,N12,present,synthetic_demo
EMP-DEMO-0016,2026-10-03,D8,present,synthetic_demo
EMP-DEMO-0017,2026-10-03,D12,present,synthetic_demo
EMP-DEMO-0018,2026-10-03,N12,present,synthetic_demo
EMP-DEMO-0019,2026-10-03,D8,absent,synthetic_demo
EMP-DEMO-0020,2026-10-03,D12,present,synthetic_demo
EMP-DEMO-0021,2026-10-03,N12,present,synthetic_demo
EMP-DEMO-0022,2026-10-03,D8,present,synthetic_demo
EMP-DEMO-0023,2026-10-03,D12,present,synthetic_demo
EMP-DEMO-0024,2026-10-03,N12,present,synthetic_demo
EMP-DEMO-0025,2026-10-03,D8,present,synthetic_demo
EMP-DEMO-0026,2026-10-03,D12,present,synthetic_demo
EMP-DEMO-0027,2026-10-03,N12,present,synthetic_demo
EMP-DEMO-0028,2026-10-03,D8,present,synthetic_demo
EMP-DEMO-0029,2026-10-03,D12,present,synthetic_demo
EMP-DEMO-0030,2026-10-03,N12,present,synthetic_demo
EMP-DEMO-0031,2026-10-03,D8,present,synthetic_demo
EMP-DEMO-0032,2026-10-03,D12,absent,synthetic_demo
EMP-DEMO-0033,2026-10-03,N12,present,synthetic_demo
EMP-DEMO-0034,2026-10-03,D8,present,synthetic_demo
EMP-DEMO-0035,2026-10-03,D12,present,synthetic_demo
EMP-DEMO-0036,2026-10-03,N12,present,synthetic_demo
EMP-DEMO-0037,2026-10-03,D8,present,synthetic_demo
EMP-DEMO-0038,2026-10-03,D12,present,synthetic_demo
EMP-DEMO-0039,2026-10-03,N12,present,synthetic_demo
EMP-DEMO-0040,2026-10-03,D8,present,synthetic_demo
EMP-DEMO-0001,2026-10-04,D12,present,synthetic_demo
EMP-DEMO-0002,2026-10-04,N12,present,synthetic_demo
EMP-DEMO-0003,2026-10-04,D8,absent,synthetic_demo
EMP-DEMO-0004,2026-10-04,D12,present,synthetic_demo
EMP-DEMO-0005,2026-10-04,N12,present,synthetic_demo
EMP-DEMO-0006,2026-10-04,D8,present,synthetic_demo
EMP-DEMO-0007,2026-10-04,D12,present,synthetic_demo
EMP-DEMO-0008,2026-10-04,N12,present,synthetic_demo
EMP-DEMO-0009,2026-10-04,D8,present,synthetic_demo
EMP-DEMO-0010,2026-10-04,D12,present,synthetic_demo
EMP-DEMO-0011,2026-10-04,N12,present,synthetic_demo
EMP-DEMO-0012,2026-10-04,D8,present,synthetic_demo
EMP-DEMO-0013,2026-10-04,D12,present,synthetic_demo
EMP-DEMO-0014,2026-10-04,N12,present,synthetic_demo
EMP-DEMO-0015,2026-10-04,D8,present,synthetic_demo
EMP-DEMO-0016,2026-10-04,D12,present,synthetic_demo
EMP-DEMO-0017,2026-10-04,N12,present,synthetic_demo
EMP-DEMO-0018,2026-10-04,D8,present,synthetic_demo
EMP-DEMO-0019,2026-10-04,D12,present,synthetic_demo
EMP-DEMO-0020,2026-10-04,N12,present,synthetic_demo
EMP-DEMO-0021,2026-10-04,D8,present,synthetic_demo
EMP-DEMO-0022,2026-10-04,D12,present,synthetic_demo
EMP-DEMO-0023,2026-10-04,N12,present,synthetic_demo
EMP-DEMO-0024,2026-10-04,D8,present,synthetic_demo
EMP-DEMO-0025,2026-10-04,D12,present,synthetic_demo
EMP-DEMO-0026,2026-10-04,N12,present,synthetic_demo
EMP-DEMO-0027,2026-10-04,D8,present,synthetic_demo
EMP-DEMO-0028,2026-10-04,D12,present,synthetic_demo
EMP-DEMO-0029,2026-10-04,N12,present,synthetic_demo
EMP-DEMO-0030,2026-10-04,D8,present,synthetic_demo
EMP-DEMO-0031,2026-10-04,D12,present,synthetic_demo
EMP-DEMO-0032,2026-10-04,N12,present,synthetic_demo
EMP-DEMO-0033,2026-10-04,D8,present,synthetic_demo
EMP-DEMO-0034,2026-10-04,D12,present,synthetic_demo
EMP-DEMO-0035,2026-10-04,N12,present,synthetic_demo
EMP-DEMO-0036,2026-10-04,D8,leave,synthetic_demo
EMP-DEMO-0037,2026-10-04,D12,present,synthetic_demo
EMP-DEMO-0038,2026-10-04,N12,present,synthetic_demo
EMP-DEMO-0039,2026-10-04,D8,present,synthetic_demo
EMP-DEMO-0040,2026-10-04,D12,present,synthetic_demo
EMP-DEMO-0001,2026-10-05,N12,present,synthetic_demo
EMP-DEMO-0002,2026-10-05,D8,present,synthetic_demo
EMP-DEMO-0003,2026-10-05,D12,present,synthetic_demo
EMP-DEMO-0004,2026-10-05,N12,present,synthetic_demo
EMP-DEMO-0005,2026-10-05,D8,present,synthetic_demo
EMP-DEMO-0006,2026-10-05,D12,present,synthetic_demo
EMP-DEMO-0007,2026-10-05,N12,present,synthetic_demo
EMP-DEMO-0008,2026-10-05,D8,present,synthetic_demo
EMP-DEMO-0009,2026-10-05,D12,present,synthetic_demo
EMP-DEMO-0010,2026-10-05,N12,present,synthetic_demo
EMP-DEMO-0011,2026-10-05,D8,present,synthetic_demo
EMP-DEMO-0012,2026-10-05,D12,present,synthetic_demo
EMP-DEMO-0013,2026-10-05,N12,present,synthetic_demo
EMP-DEMO-0014,2026-10-05,D8,present,synthetic_demo
EMP-DEMO-0015,2026-10-05,D12,present,synthetic_demo
EMP-DEMO-0016,2026-10-05,N12,present,synthetic_demo
EMP-DEMO-0017,2026-10-05,D8,present,synthetic_demo
EMP-DEMO-0018,2026-10-05,D12,absent,synthetic_demo
EMP-DEMO-0019,2026-10-05,N12,present,synthetic_demo
EMP-DEMO-0020,2026-10-05,D8,present,synthetic_demo
EMP-DEMO-0021,2026-10-05,D12,present,synthetic_demo
EMP-DEMO-0022,2026-10-05,N12,absent,synthetic_demo
EMP-DEMO-0023,2026-10-05,D8,present,synthetic_demo
EMP-DEMO-0024,2026-10-05,D12,absent,synthetic_demo
EMP-DEMO-0025,2026-10-05,N12,present,synthetic_demo
EMP-DEMO-0026,2026-10-05,D8,present,synthetic_demo
EMP-DEMO-0027,2026-10-05,D12,present,synthetic_demo
EMP-DEMO-0028,2026-10-05,N12,present,synthetic_demo
EMP-DEMO-0029,2026-10-05,D8,present,synthetic_demo
EMP-DEMO-0030,2026-10-05,D12,present,synthetic_demo
EMP-DEMO-0031,2026-10-05,N12,present,synthetic_demo
EMP-DEMO-0032,2026-10-05,D8,present,synthetic_demo
EMP-DEMO-0033,2026-10-05,D12,present,synthetic_demo
EMP-DEMO-0034,2026-10-05,N12,present,synthetic_demo
EMP-DEMO-0035,2026-10-05,D8,present,synthetic_demo
EMP-DEMO-0036,2026-10-05,D12,present,synthetic_demo
EMP-DEMO-0037,2026-10-05,N12,present,synthetic_demo
EMP-DEMO-0038,2026-10-05,D8,present,synthetic_demo
EMP-DEMO-0039,2026-10-05,D12,present,synthetic_demo
EMP-DEMO-0040,2026-10-05,N12,present,synthetic_demo
EMP-DEMO-0001,2026-10-06,D8,present,synthetic_demo
EMP-DEMO-0002,2026-10-06,D12,present,synthetic_demo
EMP-DEMO-0003,2026-10-06,N12,present,synthetic_demo
EMP-DEMO-0004,2026-10-06,D8,present,synthetic_demo
EMP-DEMO-0005,2026-10-06,D12,present,synthetic_demo
EMP-DEMO-0006,2026-10-06,N12,present,synthetic_demo
EMP-DEMO-0007,2026-10-06,D8,present,synthetic_demo
EMP-DEMO-0008,2026-10-06,D12,present,synthetic_demo
EMP-DEMO-0009,2026-10-06,N12,present,synthetic_demo
EMP-DEMO-0010,2026-10-06,D8,present,synthetic_demo
EMP-DEMO-0011,2026-10-06,D12,present,synthetic_demo
EMP-DEMO-0012,2026-10-06,N12,present,synthetic_demo
EMP-DEMO-0013,2026-10-06,D8,present,synthetic_demo
EMP-DEMO-0014,2026-10-06,D12,present,synthetic_demo
EMP-DEMO-0015,2026-10-06,N12,present,synthetic_demo
EMP-DEMO-0016,2026-10-06,D8,present,synthetic_demo
EMP-DEMO-0017,2026-10-06,D12,present,synthetic_demo
EMP-DEMO-0018,2026-10-06,N12,present,synthetic_demo
EMP-DEMO-0019,2026-10-06,D8,present,synthetic_demo
EMP-DEMO-0020,2026-10-06,D12,present,synthetic_demo
EMP-DEMO-0021,2026-10-06,N12,present,synthetic_demo
EMP-DEMO-0022,2026-10-06,D8,present,synthetic_demo
EMP-DEMO-0023,2026-10-06,D12,present,synthetic_demo
EMP-DEMO-0024,2026-10-06,N12,present,synthetic_demo
EMP-DEMO-0025,2026-10-06,D8,present,synthetic_demo
EMP-DEMO-0026,2026-10-06,D12,present,synthetic_demo
EMP-DEMO-0027,2026-10-06,N12,present,synthetic_demo
EMP-DEMO-0028,2026-10-06,D8,present,synthetic_demo
EMP-DEMO-0029,2026-10-06,D12,present,synthetic_demo
EMP-DEMO-0030,2026-10-06,N12,present,synthetic_demo
EMP-DEMO-0031,2026-10-06,D8,present,synthetic_demo
EMP-DEMO-0032,2026-10-06,D12,present,synthetic_demo
EMP-DEMO-0033,2026-10-06,N12,present,synthetic_demo
EMP-DEMO-0034,2026-10-06,D8,present,synthetic_demo
EMP-DEMO-0035,2026-10-06,D12,present,synthetic_demo
EMP-DEMO-0036,2026-10-06,N12,present,synthetic_demo
EMP-DEMO-0037,2026-10-06,D8,present,synthetic_demo
EMP-DEMO-0038,2026-10-06,D12,present,synthetic_demo
EMP-DEMO-0039,2026-10-06,N12,present,synthetic_demo
EMP-DEMO-0040,2026-10-06,D8,present,synthetic_demo
EMP-DEMO-0001,2026-10-07,D12,present,synthetic_demo
EMP-DEMO-0002,2026-10-07,N12,present,synthetic_demo
EMP-DEMO-0003,2026-10-07,D8,present,synthetic_demo
EMP-DEMO-0004,2026-10-07,D12,present,synthetic_demo
EMP-DEMO-0005,2026-10-07,N12,present,synthetic_demo
EMP-DEMO-0006,2026-10-07,D8,present,synthetic_demo
EMP-DEMO-0007,2026-10-07,D12,present,synthetic_demo
EMP-DEMO-0008,2026-10-07,N12,present,synthetic_demo
EMP-DEMO-0009,2026-10-07,D8,present,synthetic_demo
EMP-DEMO-0010,2026-10-07,D12,present,synthetic_demo
EMP-DEMO-0011,2026-10-07,N12,present,synthetic_demo
EMP-DEMO-0012,2026-10-07,D8,present,synthetic_demo
EMP-DEMO-0013,2026-10-07,D12,present,synthetic_demo
EMP-DEMO-0014,2026-10-07,N12,present,synthetic_demo
EMP-DEMO-0015,2026-10-07,D8,leave,synthetic_demo
EMP-DEMO-0016,2026-10-07,D12,present,synthetic_demo
EMP-DEMO-0017,2026-10-07,N12,present,synthetic_demo
EMP-DEMO-0018,2026-10-07,D8,present,synthetic_demo
EMP-DEMO-0019,2026-10-07,D12,present,synthetic_demo
EMP-DEMO-0020,2026-10-07,N12,present,synthetic_demo
EMP-DEMO-0021,2026-10-07,D8,present,synthetic_demo
EMP-DEMO-0022,2026-10-07,D12,present,synthetic_demo
EMP-DEMO-0023,2026-10-07,N12,present,synthetic_demo
EMP-DEMO-0024,2026-10-07,D8,present,synthetic_demo
EMP-DEMO-0025,2026-10-07,D12,present,synthetic_demo
EMP-DEMO-0026,2026-10-07,N12,present,synthetic_demo
EMP-DEMO-0027,2026-10-07,D8,present,synthetic_demo
EMP-DEMO-0028,2026-10-07,D12,present,synthetic_demo
EMP-DEMO-0029,2026-10-07,N12,present,synthetic_demo
EMP-DEMO-0030,2026-10-07,D8,present,synthetic_demo
EMP-DEMO-0031,2026-10-07,D12,present,synthetic_demo
EMP-DEMO-0032,2026-10-07,N12,present,synthetic_demo
EMP-DEMO-0033,2026-10-07,D8,present,synthetic_demo
EMP-DEMO-0034,2026-10-07,D12,present,synthetic_demo
EMP-DEMO-0035,2026-10-07,N12,present,synthetic_demo
EMP-DEMO-0036,2026-10-07,D8,present,synthetic_demo
EMP-DEMO-0037,2026-10-07,D12,present,synthetic_demo
EMP-DEMO-0038,2026-10-07,N12,present,synthetic_demo
EMP-DEMO-0039,2026-10-07,D8,present,synthetic_demo
EMP-DEMO-0040,2026-10-07,D12,present,synthetic_demo
EMP-DEMO-0001,2026-10-08,N12,present,synthetic_demo
EMP-DEMO-0002,2026-10-08,D8,present,synthetic_demo
EMP-DEMO-0003,2026-10-08,D12,present,synthetic_demo
EMP-DEMO-0004,2026-10-08,N12,absent,synthetic_demo
EMP-DEMO-0005,2026-10-08,D8,present,synthetic_demo
EMP-DEMO-0006,2026-10-08,D12,present,synthetic_demo
EMP-DEMO-0007,2026-10-08,N12,present,synthetic_demo
EMP-DEMO-0008,2026-10-08,D8,present,synthetic_demo
EMP-DEMO-0009,2026-10-08,D12,present,synthetic_demo
EMP-DEMO-0010,2026-10-08,N12,present,synthetic_demo
EMP-DEMO-0011,2026-10-08,D8,present,synthetic_demo
EMP-DEMO-0012,2026-10-08,D12,present,synthetic_demo
EMP-DEMO-0013,2026-10-08,N12,absent,synthetic_demo
EMP-DEMO-0014,2026-10-08,D8,absent,synthetic_demo
EMP-DEMO-0015,2026-10-08,D12,present,synthetic_demo
EMP-DEMO-0016,2026-10-08,N12,present,synthetic_demo
EMP-DEMO-0017,2026-10-08,D8,present,synthetic_demo
EMP-DEMO-0018,2026-10-08,D12,present,synthetic_demo
EMP-DEMO-0019,2026-10-08,N12,present,synthetic_demo
EMP-DEMO-0020,2026-10-08,D8,present,synthetic_demo
EMP-DEMO-0021,2026-10-08,D12,present,synthetic_demo
EMP-DEMO-0022,2026-10-08,N12,present,synthetic_demo
EMP-DEMO-0023,2026-10-08,D8,present,synthetic_demo
EMP-DEMO-0024,2026-10-08,D12,present,synthetic_demo
EMP-DEMO-0025,2026-10-08,N12,present,synthetic_demo
EMP-DEMO-0026,2026-10-08,D8,present,synthetic_demo
EMP-DEMO-0027,2026-10-08,D12,present,synthetic_demo
EMP-DEMO-0028,2026-10-08,N12,present,synthetic_demo
EMP-DEMO-0029,2026-10-08,D8,present,synthetic_demo
EMP-DEMO-0030,2026-10-08,D12,present,synthetic_demo
EMP-DEMO-0031,2026-10-08,N12,present,synthetic_demo
EMP-DEMO-0032,2026-10-08,D8,present,synthetic_demo
EMP-DEMO-0033,2026-10-08,D12,present,synthetic_demo
EMP-DEMO-0034,2026-10-08,N12,present,synthetic_demo
EMP-DEMO-0035,2026-10-08,D8,present,synthetic_demo
EMP-DEMO-0036,2026-10-08,D12,present,synthetic_demo
EMP-DEMO-0037,2026-10-08,N12,present,synthetic_demo
EMP-DEMO-0038,2026-10-08,D8,present,synthetic_demo
EMP-DEMO-0039,2026-10-08,D12,present,synthetic_demo
EMP-DEMO-0040,2026-10-08,N12,present,synthetic_demo
EMP-DEMO-0001,2026-10-09,D8,present,synthetic_demo
EMP-DEMO-0002,2026-10-09,D12,present,synthetic_demo
EMP-DEMO-0003,2026-10-09,N12,present,synthetic_demo
EMP-DEMO-0004,2026-10-09,D8,present,synthetic_demo
EMP-DEMO-0005,2026-10-09,D12,present,synthetic_demo
EMP-DEMO-0006,2026-10-09,N12,present,synthetic_demo
EMP-DEMO-0007,2026-10-09,D8,present,synthetic_demo
EMP-DEMO-0008,2026-10-09,D12,present,synthetic_demo
EMP-DEMO-0009,2026-10-09,N12,present,synthetic_demo
EMP-DEMO-0010,2026-10-09,D8,present,synthetic_demo
EMP-DEMO-0011,2026-10-09,D12,present,synthetic_demo
EMP-DEMO-0012,2026-10-09,N12,present,synthetic_demo
EMP-DEMO-0013,2026-10-09,D8,present,synthetic_demo
EMP-DEMO-0014,2026-10-09,D12,present,synthetic_demo
EMP-DEMO-0015,2026-10-09,N12,present,synthetic_demo
EMP-DEMO-0016,2026-10-09,D8,present,synthetic_demo
EMP-DEMO-0017,2026-10-09,D12,present,synthetic_demo
EMP-DEMO-0018,2026-10-09,N12,present,synthetic_demo
EMP-DEMO-0019,2026-10-09,D8,present,synthetic_demo
EMP-DEMO-0020,2026-10-09,D12,present,synthetic_demo
EMP-DEMO-0021,2026-10-09,N12,present,synthetic_demo
EMP-DEMO-0022,2026-10-09,D8,absent,synthetic_demo
EMP-DEMO-0023,2026-10-09,D12,present,synthetic_demo
EMP-DEMO-0024,2026-10-09,N12,present,synthetic_demo
EMP-DEMO-0025,2026-10-09,D8,present,synthetic_demo
EMP-DEMO-0026,2026-10-09,D12,present,synthetic_demo
EMP-DEMO-0027,2026-10-09,N12,leave,synthetic_demo
EMP-DEMO-0028,2026-10-09,D8,present,synthetic_demo
EMP-DEMO-0029,2026-10-09,D12,present,synthetic_demo
EMP-DEMO-0030,2026-10-09,N12,present,synthetic_demo
EMP-DEMO-0031,2026-10-09,D8,leave,synthetic_demo
EMP-DEMO-0032,2026-10-09,D12,present,synthetic_demo
EMP-DEMO-0033,2026-10-09,N12,present,synthetic_demo
EMP-DEMO-0034,2026-10-09,D8,present,synthetic_demo
EMP-DEMO-0035,2026-10-09,D12,present,synthetic_demo
EMP-DEMO-0036,2026-10-09,N12,present,synthetic_demo
EMP-DEMO-0037,2026-10-09,D8,present,synthetic_demo
EMP-DEMO-0038,2026-10-09,D12,present,synthetic_demo
EMP-DEMO-0039,2026-10-09,N12,present,synthetic_demo
EMP-DEMO-0040,2026-10-09,D8,absent,synthetic_demo
EMP-DEMO-0001,2026-10-10,D12,present,synthetic_demo
EMP-DEMO-0002,2026-10-10,N12,present,synthetic_demo
EMP-DEMO-0003,2026-10-10,D8,leave,synthetic_demo
EMP-DEMO-0004,2026-10-10,D12,present,synthetic_demo
EMP-DEMO-0005,2026-10-10,N12,present,synthetic_demo
EMP-DEMO-0006,2026-10-10,D8,present,synthetic_demo
EMP-DEMO-0007,2026-10-10,D12,present,synthetic_demo
EMP-DEMO-0008,2026-10-10,N12,present,synthetic_demo
EMP-DEMO-0009,2026-10-10,D8,present,synthetic_demo
EMP-DEMO-0010,2026-10-10,D12,present,synthetic_demo
EMP-DEMO-0011,2026-10-10,N12,present,synthetic_demo
EMP-DEMO-0012,2026-10-10,D8,present,synthetic_demo
EMP-DEMO-0013,2026-10-10,D12,present,synthetic_demo
EMP-DEMO-0014,2026-10-10,N12,present,synthetic_demo
EMP-DEMO-0015,2026-10-10,D8,present,synthetic_demo
EMP-DEMO-0016,2026-10-10,D12,present,synthetic_demo
EMP-DEMO-0017,2026-10-10,N12,present,synthetic_demo
EMP-DEMO-0018,2026-10-10,D8,present,synthetic_demo
EMP-DEMO-0019,2026-10-10,D12,absent,synthetic_demo
EMP-DEMO-0020,2026-10-10,N12,present,synthetic_demo
EMP-DEMO-0021,2026-10-10,D8,present,synthetic_demo
EMP-DEMO-0022,2026-10-10,D12,absent,synthetic_demo
EMP-DEMO-0023,2026-10-10,N12,present,synthetic_demo
EMP-DEMO-0024,2026-10-10,D8,present,synthetic_demo
EMP-DEMO-0025,2026-10-10,D12,present,synthetic_demo
EMP-DEMO-0026,2026-10-10,N12,present,synthetic_demo
EMP-DEMO-0027,2026-10-10,D8,present,synthetic_demo
EMP-DEMO-0028,2026-10-10,D12,present,synthetic_demo
EMP-DEMO-0029,2026-10-10,N12,present,synthetic_demo
EMP-DEMO-0030,2026-10-10,D8,present,synthetic_demo
EMP-DEMO-0031,2026-10-10,D12,present,synthetic_demo
EMP-DEMO-0032,2026-10-10,N12,present,synthetic_demo
EMP-DEMO-0033,2026-10-10,D8,present,synthetic_demo
EMP-DEMO-0034,2026-10-10,D12,leave,synthetic_demo
EMP-DEMO-0035,2026-10-10,N12,present,synthetic_demo
EMP-DEMO-0036,2026-10-10,D8,present,synthetic_demo
EMP-DEMO-0037,2026-10-10,D12,present,synthetic_demo
EMP-DEMO-0038,2026-10-10,N12,present,synthetic_demo
EMP-DEMO-0039,2026-10-10,D8,present,synthetic_demo
EMP-DEMO-0040,2026-10-10,D12,present,synthetic_demo
EMP-DEMO-0001,2026-10-11,N12,present,synthetic_demo
EMP-DEMO-0002,2026-10-11,D8,present,synthetic_demo
EMP-DEMO-0003,2026-10-11,D12,present,synthetic_demo
EMP-DEMO-0004,2026-10-11,N12,present,synthetic_demo
EMP-DEMO-0005,2026-10-11,D8,present,synthetic_demo
EMP-DEMO-0006,2026-10-11,D12,present,synthetic_demo
EMP-DEMO-0007,2026-10-11,N12,present,synthetic_demo
EMP-DEMO-0008,2026-10-11,D8,present,synthetic_demo
EMP-DEMO-0009,2026-10-11,D12,present,synthetic_demo
EMP-DEMO-0010,2026-10-11,N12,present,synthetic_demo
EMP-DEMO-0011,2026-10-11,D8,present,synthetic_demo
EMP-DEMO-0012,2026-10-11,D12,present,synthetic_demo
EMP-DEMO-0013,2026-10-11,N12,present,synthetic_demo
EMP-DEMO-0014,2026-10-11,D8,present,synthetic_demo
EMP-DEMO-0015,2026-10-11,D12,present,synthetic_demo
EMP-DEMO-0016,2026-10-11,N12,absent,synthetic_demo
EMP-DEMO-0017,2026-10-11,D8,present,synthetic_demo
EMP-DEMO-0018,2026-10-11,D12,present,synthetic_demo
EMP-DEMO-0019,2026-10-11,N12,present,synthetic_demo
EMP-DEMO-0020,2026-10-11,D8,present,synthetic_demo
EMP-DEMO-0021,2026-10-11,D12,present,synthetic_demo
EMP-DEMO-0022,2026-10-11,N12,present,synthetic_demo
EMP-DEMO-0023,2026-10-11,D8,present,synthetic_demo
EMP-DEMO-0024,2026-10-11,D12,present,synthetic_demo
EMP-DEMO-0025,2026-10-11,N12,present,synthetic_demo
EMP-DEMO-0026,2026-10-11,D8,present,synthetic_demo
EMP-DEMO-0027,2026-10-11,D12,present,synthetic_demo
EMP-DEMO-0028,2026-10-11,N12,present,synthetic_demo
EMP-DEMO-0029,2026-10-11,D8,present,synthetic_demo
EMP-DEMO-0030,2026-10-11,D12,absent,synthetic_demo
EMP-DEMO-0031,2026-10-11,N12,present,synthetic_demo
EMP-DEMO-0032,2026-10-11,D8,present,synthetic_demo
EMP-DEMO-0033,2026-10-11,D12,present,synthetic_demo
EMP-DEMO-0034,2026-10-11,N12,present,synthetic_demo
EMP-DEMO-0035,2026-10-11,D8,present,synthetic_demo
EMP-DEMO-0036,2026-10-11,D12,present,synthetic_demo
EMP-DEMO-0037,2026-10-11,N12,present,synthetic_demo
EMP-DEMO-0038,2026-10-11,D8,present,synthetic_demo
EMP-DEMO-0039,2026-10-11,D12,present,synthetic_demo
EMP-DEMO-0040,2026-10-11,N12,present,synthetic_demo
EMP-DEMO-0001,2026-10-12,D8,present,synthetic_demo
EMP-DEMO-0002,2026-10-12,D12,present,synthetic_demo
EMP-DEMO-0003,2026-10-12,N12,present,synthetic_demo
EMP-DEMO-0004,2026-10-12,D8,present,synthetic_demo
EMP-DEMO-0005,2026-10-12,D12,present,synthetic_demo
EMP-DEMO-0006,2026-10-12,N12,present,synthetic_demo
EMP-DEMO-0007,2026-10-12,D8,present,synthetic_demo
EMP-DEMO-0008,2026-10-12,D12,present,synthetic_demo
EMP-DEMO-0009,2026-10-12,N12,present,synthetic_demo
EMP-DEMO-0010,2026-10-12,D8,present,synthetic_demo
EMP-DEMO-0011,2026-10-12,D12,present,synthetic_demo
EMP-DEMO-0012,2026-10-12,N12,present,synthetic_demo
EMP-DEMO-0013,2026-10-12,D8,present,synthetic_demo
EMP-DEMO-0014,2026-10-12,D12,present,synthetic_demo
EMP-DEMO-0015,2026-10-12,N12,present,synthetic_demo
EMP-DEMO-0016,2026-10-12,D8,present,synthetic_demo
EMP-DEMO-0017,2026-10-12,D12,present,synthetic_demo
EMP-DEMO-0018,2026-10-12,N12,present,synthetic_demo
EMP-DEMO-0019,2026-10-12,D8,present,synthetic_demo
EMP-DEMO-0020,2026-10-12,D12,present,synthetic_demo
EMP-DEMO-0021,2026-10-12,N12,present,synthetic_demo
EMP-DEMO-0022,2026-10-12,D8,present,synthetic_demo
EMP-DEMO-0023,2026-10-12,D12,present,synthetic_demo
EMP-DEMO-0024,2026-10-12,N12,present,synthetic_demo
EMP-DEMO-0025,2026-10-12,D8,present,synthetic_demo
EMP-DEMO-0026,2026-10-12,D12,present,synthetic_demo
EMP-DEMO-0027,2026-10-12,N12,present,synthetic_demo
EMP-DEMO-0028,2026-10-12,D8,present,synthetic_demo
EMP-DEMO-0029,2026-10-12,D12,present,synthetic_demo
EMP-DEMO-0030,2026-10-12,N12,present,synthetic_demo
EMP-DEMO-0031,2026-10-12,D8,present,synthetic_demo
EMP-DEMO-0032,2026-10-12,D12,present,synthetic_demo
EMP-DEMO-0033,2026-10-12,N12,present,synthetic_demo
EMP-DEMO-0034,2026-10-12,D8,present,synthetic_demo
EMP-DEMO-0035,2026-10-12,D12,present,synthetic_demo
EMP-DEMO-0036,2026-10-12,N12,present,synthetic_demo
EMP-DEMO-0037,2026-10-12,D8,present,synthetic_demo
EMP-DEMO-0038,2026-10-12,D12,present,synthetic_demo
EMP-DEMO-0039,2026-10-12,N12,present,synthetic_demo
EMP-DEMO-0040,2026-10-12,D8,present,synthetic_demo
EMP-DEMO-0001,2026-10-13,D12,present,synthetic_demo
EMP-DEMO-0002,2026-10-13,N12,present,synthetic_demo
EMP-DEMO-0003,2026-10-13,D8,present,synthetic_demo
EMP-DEMO-0004,2026-10-13,D12,present,synthetic_demo
EMP-DEMO-0005,2026-10-13,N12,present,synthetic_demo
EMP-DEMO-0006,2026-10-13,D8,present,synthetic_demo
EMP-DEMO-0007,2026-10-13,D12,present,synthetic_demo
EMP-DEMO-0008,2026-10-13,N12,present,synthetic_demo
EMP-DEMO-0009,2026-10-13,D8,present,synthetic_demo
EMP-DEMO-0010,2026-10-13,D12,present,synthetic_demo
EMP-DEMO-0011,2026-10-13,N12,present,synthetic_demo
EMP-DEMO-0012,2026-10-13,D8,present,synthetic_demo
EMP-DEMO-0013,2026-10-13,D12,present,synthetic_demo
EMP-DEMO-0014,2026-10-13,N12,present,synthetic_demo
EMP-DEMO-0015,2026-10-13,D8,present,synthetic_demo
EMP-DEMO-0016,2026-10-13,D12,leave,synthetic_demo
EMP-DEMO-0017,2026-10-13,N12,present,synthetic_demo
EMP-DEMO-0018,2026-10-13,D8,present,synthetic_demo
EMP-DEMO-0019,2026-10-13,D12,present,synthetic_demo
EMP-DEMO-0020,2026-10-13,N12,present,synthetic_demo
EMP-DEMO-0021,2026-10-13,D8,present,synthetic_demo
EMP-DEMO-0022,2026-10-13,D12,present,synthetic_demo
EMP-DEMO-0023,2026-10-13,N12,present,synthetic_demo
EMP-DEMO-0024,2026-10-13,D8,present,synthetic_demo
EMP-DEMO-0025,2026-10-13,D12,present,synthetic_demo
EMP-DEMO-0026,2026-10-13,N12,present,synthetic_demo
EMP-DEMO-0027,2026-10-13,D8,present,synthetic_demo
EMP-DEMO-0028,2026-10-13,D12,present,synthetic_demo
EMP-DEMO-0029,2026-10-13,N12,present,synthetic_demo
EMP-DEMO-0030,2026-10-13,D8,present,synthetic_demo
EMP-DEMO-0031,2026-10-13,D12,present,synthetic_demo
EMP-DEMO-0032,2026-10-13,N12,present,synthetic_demo
EMP-DEMO-0033,2026-10-13,D8,present,synthetic_demo
EMP-DEMO-0034,2026-10-13,D12,present,synthetic_demo
EMP-DEMO-0035,2026-10-13,N12,present,synthetic_demo
EMP-DEMO-0036,2026-10-13,D8,absent,synthetic_demo
EMP-DEMO-0037,2026-10-13,D12,present,synthetic_demo
EMP-DEMO-0038,2026-10-13,N12,present,synthetic_demo
EMP-DEMO-0039,2026-10-13,D8,present,synthetic_demo
EMP-DEMO-0040,2026-10-13,D12,present,synthetic_demo
EMP-DEMO-0001,2026-10-14,N12,present,synthetic_demo
EMP-DEMO-0002,2026-10-14,D8,present,synthetic_demo
EMP-DEMO-0003,2026-10-14,D12,present,synthetic_demo
EMP-DEMO-0004,2026-10-14,N12,present,synthetic_demo
EMP-DEMO-0005,2026-10-14,D8,present,synthetic_demo
EMP-DEMO-0006,2026-10-14,D12,present,synthetic_demo
EMP-DEMO-0007,2026-10-14,N12,present,synthetic_demo
EMP-DEMO-0008,2026-10-14,D8,present,synthetic_demo
EMP-DEMO-0009,2026-10-14,D12,present,synthetic_demo
EMP-DEMO-0010,2026-10-14,N12,present,synthetic_demo
EMP-DEMO-0011,2026-10-14,D8,present,synthetic_demo
EMP-DEMO-0012,2026-10-14,D12,present,synthetic_demo
EMP-DEMO-0013,2026-10-14,N12,present,synthetic_demo
EMP-DEMO-0014,2026-10-14,D8,present,synthetic_demo
EMP-DEMO-0015,2026-10-14,D12,present,synthetic_demo
EMP-DEMO-0016,2026-10-14,N12,present,synthetic_demo
EMP-DEMO-0017,2026-10-14,D8,present,synthetic_demo
EMP-DEMO-0018,2026-10-14,D12,absent,synthetic_demo
EMP-DEMO-0019,2026-10-14,N12,present,synthetic_demo
EMP-DEMO-0020,2026-10-14,D8,present,synthetic_demo
EMP-DEMO-0021,2026-10-14,D12,present,synthetic_demo
EMP-DEMO-0022,2026-10-14,N12,present,synthetic_demo
EMP-DEMO-0023,2026-10-14,D8,present,synthetic_demo
EMP-DEMO-0024,2026-10-14,D12,present,synthetic_demo
EMP-DEMO-0025,2026-10-14,N12,present,synthetic_demo
EMP-DEMO-0026,2026-10-14,D8,present,synthetic_demo
EMP-DEMO-0027,2026-10-14,D12,present,synthetic_demo
EMP-DEMO-0028,2026-10-14,N12,present,synthetic_demo
EMP-DEMO-0029,2026-10-14,D8,present,synthetic_demo
EMP-DEMO-0030,2026-10-14,D12,present,synthetic_demo
EMP-DEMO-0031,2026-10-14,N12,present,synthetic_demo
EMP-DEMO-0032,2026-10-14,D8,present,synthetic_demo
EMP-DEMO-0033,2026-10-14,D12,present,synthetic_demo
EMP-DEMO-0034,2026-10-14,N12,present,synthetic_demo
EMP-DEMO-0035,2026-10-14,D8,present,synthetic_demo
EMP-DEMO-0036,2026-10-14,D12,present,synthetic_demo
EMP-DEMO-0037,2026-10-14,N12,present,synthetic_demo
EMP-DEMO-0038,2026-10-14,D8,present,synthetic_demo
EMP-DEMO-0039,2026-10-14,D12,present,synthetic_demo
EMP-DEMO-0040,2026-10-14,N12,present,synthetic_demo
