line_code,product_code,units_per_hour,efficiency_pct,available_hours,shift_code
SX-PET01,PET-500,1450,86,336,D12
SX-PET01,QC-330,1515,82,168,D12+N12
SX-PET01,CAN-330,1580,83,168,D12
SX-PET01,PET-1500,1645,79,336,D12+N12
SX-QC,PET-500,1630,90,168,D12+N12
SX-QC,QC-330,1695,79,168,D12
SX-QC,CAN-330,1760,93,336,D12+N12
SX-QC,PET-1500,1825,86,168,D12
SX-CAN01,PET-500,1810,86,168,D12
SX-CAN01,QC-330,1875,78,336,D12+N12
SX-CAN01,CAN-330,1940,88,168,D12
SX-CAN01,PET-1500,2005,84,168,D12+N12
HB-PET01,PET-500,1990,88,336,D12+N12
HB-PET01,QC-330,2055,86,168,D12
HB-PET01,CAN-330,2120,88,168,D12+N12
HB-PET01,PET-1500,2185,83,336,D12
