order_id,line_code,product_code,required_units,due_at,priority
DEMO-ORD-0001,SX-PET01,PET-500,41000,2026-10-01T16:00:00+08:00,1
DEMO-ORD-0002,SX-QC,QC-330,37000,2026-10-02T16:00:00+08:00,2
DEMO-ORD-0003,SX-CAN01,CAN-330,52000,2026-10-03T16:00:00+08:00,3
DEMO-ORD-0004,HB-PET01,PET-1500,26000,2026-10-04T16:00:00+08:00,1
DEMO-ORD-0005,SX-PET01,QC-330,55000,2026-10-05T16:00:00+08:00,2
DEMO-ORD-0006,SX-QC,CAN-330,31000,2026-10-06T16:00:00+08:00,3
DEMO-ORD-0007,SX-CAN01,PET-1500,52000,2026-10-07T16:00:00+08:00,1
DEMO-ORD-0008,HB-PET01,PET-500,44000,2026-10-08T16:00:00+08:00,2
DEMO-ORD-0009,SX-PET01,CAN-330,53000,2026-10-09T16:00:00+08:00,3
DEMO-ORD-0010,SX-QC,PET-1500,38000,2026-10-10T16:00:00+08:00,1
DEMO-ORD-0011,SX-CAN01,PET-500,13000,2026-10-11T16:00:00+08:00,2
DEMO-ORD-0012,HB-PET01,QC-330,15000,2026-10-12T16:00:00+08:00,3
DEMO-ORD-0013,SX-PET01,PET-1500,48000,2026-10-13T16:00:00+08:00,1
DEMO-ORD-0014,SX-QC,PET-500,29000,2026-10-14T16:00:00+08:00,2
DEMO-ORD-0015,SX-CAN01,QC-330,41000,2026-10-01T16:00:00+08:00,3
DEMO-ORD-0016,HB-PET01,CAN-330,49000,2026-10-02T16:00:00+08:00,1
DEMO-ORD-0017,SX-PET01,PET-500,39000,2026-10-03T16:00:00+08:00,2
DEMO-ORD-0018,SX-QC,QC-330,13000,2026-10-04T16:00:00+08:00,3
DEMO-ORD-0019,SX-CAN01,CAN-330,14000,2026-10-05T16:00:00+08:00,1
DEMO-ORD-0020,HB-PET01,PET-1500,43000,2026-10-06T16:00:00+08:00,2
DEMO-ORD-0021,SX-PET01,QC-330,17000,2026-10-07T16:00:00+08:00,3
DEMO-ORD-0022,SX-QC,CAN-330,23000,2026-10-08T16:00:00+08:00,1
DEMO-ORD-0023,SX-CAN01,PET-1500,51000,2026-10-09T16:00:00+08:00,2
DEMO-ORD-0024,HB-PET01,PET-500,46000,2026-10-10T16:00:00+08:00,3
DEMO-ORD-0025,SX-PET01,CAN-330,34000,2026-10-11T16:00:00+08:00,1
DEMO-ORD-0026,SX-QC,PET-1500,16000,2026-10-12T16:00:00+08:00,2
DEMO-ORD-0027,SX-CAN01,PET-500,36000,2026-10-13T16:00:00+08:00,3
DEMO-ORD-0028,HB-PET01,QC-330,55000,2026-10-14T16:00:00+08:00,1
DEMO-ORD-0029,SX-PET01,PET-1500,32000,2026-10-01T16:00:00+08:00,2
DEMO-ORD-0030,SX-QC,PET-500,16000,2026-10-02T16:00:00+08:00,3
DEMO-ORD-0031,SX-CAN01,QC-330,37000,2026-10-03T16:00:00+08:00,1
DEMO-ORD-0032,HB-PET01,CAN-330,14000,2026-10-04T16:00:00+08:00,2
DEMO-ORD-0033,SX-PET01,PET-500,27000,2026-10-05T16:00:00+08:00,3
DEMO-ORD-0034,SX-QC,QC-330,12000,2026-10-06T16:00:00+08:00,1
DEMO-ORD-0035,SX-CAN01,CAN-330,44000,2026-10-07T16:00:00+08:00,2
DEMO-ORD-0036,HB-PET01,PET-1500,29000,2026-10-08T16:00:00+08:00,3
DEMO-ORD-0037,SX-PET01,QC-330,40000,2026-10-09T16:00:00+08:00,1
DEMO-ORD-0038,SX-QC,CAN-330,44000,2026-10-10T16:00:00+08:00,2
DEMO-ORD-0039,SX-CAN01,PET-1500,46000,2026-10-11T16:00:00+08:00,3
DEMO-ORD-0040,HB-PET01,PET-500,18000,2026-10-12T16:00:00+08:00,1
DEMO-ORD-0041,SX-PET01,CAN-330,24000,2026-10-13T16:00:00+08:00,2
DEMO-ORD-0042,SX-QC,PET-1500,51000,2026-10-14T16:00:00+08:00,3
DEMO-ORD-0043,SX-CAN01,PET-500,46000,2026-10-01T16:00:00+08:00,1
DEMO-ORD-0044,HB-PET01,QC-330,22000,2026-10-02T16:00:00+08:00,2
DEMO-ORD-0045,SX-PET01,PET-1500,29000,2026-10-03T16:00:00+08:00,3
DEMO-ORD-0046,SX-QC,PET-500,34000,2026-10-04T16:00:00+08:00,1
DEMO-ORD-0047,SX-CAN01,QC-330,47000,2026-10-05T16:00:00+08:00,2
DEMO-ORD-0048,HB-PET01,CAN-330,38000,2026-10-06T16:00:00+08:00,3
