数据集版本,岗位编码,工厂代码,工厂名称,部门,区域或车间,产线编码,产线名称,产线类型,灌装工艺,额定线速(BPH),效率目标(%),工位代码,工位名称,设备编码,设备名称,设备类别,岗位名称,岗位类别,是否关键岗位,岗位技能要求等级,白班定编,夜班定编,是否12小时班岗位,轮班模式,换型标准时长(h),岗位证书要求,岗位证书要求来源,数据来源
SCHEC-INPUT-V1.0,SX-PET01-BLOW-LABEL,SX,陕西厂,生产部,新KRS线,SX-PET01,新KRS线,PET瓶灌装,PET吹瓶-灌注-贴标-膜包-码垛,54000,92,BLOW-LABEL,吹贴一体机,SX-PET01-BLOW-LABEL,新KRS线吹贴一体机,辅助设备,吹贴机岗,关键岗,1,3,1,1,1,3日循环(白/夜/休),0.8,,主数据集人员样本持证要求字段聚合,智能排班岗位统计（河北厂、陕西厂）/产线主数据/工艺路径资源主数据
SCHEC-INPUT-V1.0,SX-PET01-FILL,SX,陕西厂,生产部,新KRS线,SX-PET01,新KRS线,PET瓶灌装,PET吹瓶-灌注-贴标-膜包-码垛,54000,92,FILL,灌注机,SX-PET01-FILL,新KRS线灌注机,主机设备,灌注机岗,关键岗,1,3,1,1,1,3日循环(白/夜/休),1.2,,主数据集人员样本持证要求字段聚合,智能排班岗位统计（河北厂、陕西厂）/产线主数据/工艺路径资源主数据
SCHEC-INPUT-V1.0,SX-PET01-PACK-SHRINK,SX,陕西厂,生产部,新KRS线,SX-PET01,新KRS线,PET瓶灌装,PET吹瓶-灌注-贴标-膜包-码垛,54000,92,PACK-SHRINK,塑包机,SX-PET01-PACK-SHRINK,新KRS线塑包机,主机设备,塑包机岗,一般岗,0,2,1,1,1,3日循环(白/夜/休),0.8,,主数据集人员样本持证要求字段聚合,智能排班岗位统计（河北厂、陕西厂）/产线主数据/工艺路径资源主数据
SCHEC-INPUT-V1.0,SX-PET01-PALLET,SX,陕西厂,生产部,新KRS线,SX-PET01,新KRS线,PET瓶灌装,PET吹瓶-灌注-贴标-膜包-码垛,54000,92,PALLET,码垛机,SX-PET01-PALLET,新KRS线码垛机,主机设备,码垛机岗,一般岗,0,2,1,1,1,3日循环(白/夜/休),0.8,,主数据集人员样本持证要求字段聚合,智能排班岗位统计（河北厂、陕西厂）/产线主数据/工艺路径资源主数据
SCHEC-INPUT-V1.0,SX-PET01-FGI,SX,陕西厂,生产部,新KRS线,SX-PET01,新KRS线,PET瓶灌装,PET吹瓶-灌注-贴标-膜包-码垛,54000,92,FGI,成品输送FGI,SX-PET01-FGI,新KRS线成品输送FGI,辅助设备,FGI岗,一般岗,0,2,1,1,1,3日循环(白/夜/休),1.5,,主数据集人员样本持证要求字段聚合,智能排班岗位统计（河北厂、陕西厂）/产线主数据/工艺路径资源主数据
SCHEC-INPUT-V1.0,SX-PET01-PALLET-LABEL,SX,陕西厂,生产部,新KRS线,SX-PET01,新KRS线,PET瓶灌装,PET吹瓶-灌注-贴标-膜包-码垛,54000,92,PALLET-LABEL,垛贴码一体机,SX-PET01-PALLET-LABEL,新KRS线垛贴码一体机,辅助设备,垛贴码岗,一般岗,0,2,1,1,1,3日循环(白/夜/休),1.0,,主数据集人员样本持证要求字段聚合,智能排班岗位统计（河北厂、陕西厂）/产线主数据/工艺路径资源主数据
SCHEC-INPUT-V1.0,SX-PET01-HANDLE,SX,陕西厂,生产部,新KRS线,SX-PET01,新KRS线,PET瓶灌装,PET吹瓶-灌注-贴标-膜包-码垛,54000,92,HANDLE,提扣机,SX-PET01-HANDLE,新KRS线提扣机,辅助设备,提扣机岗,辅助岗,0,1,1,1,1,3日循环(白/夜/休),1.2,,主数据集人员样本持证要求字段聚合,智能排班岗位统计（河北厂、陕西厂）/产线主数据/工艺路径资源主数据
SCHEC-INPUT-V1.0,SX-PET02-BLOW,SX,陕西厂,生产部,旧KRS线,SX-PET02,旧KRS线,PET瓶灌装,PET吹瓶-灌注-贴标-膜包-码垛,51000,90,BLOW,吹瓶机,SX-PET02-BLOW,旧KRS线吹瓶机,主机设备,吹瓶机岗,关键岗,1,3,1,1,1,3日循环(白/夜/休),1.5,,主数据集人员样本持证要求字段聚合,智能排班岗位统计（河北厂、陕西厂）/产线主数据/工艺路径资源主数据
SCHEC-INPUT-V1.0,SX-PET02-LABEL,SX,陕西厂,生产部,旧KRS线,SX-PET02,旧KRS线,PET瓶灌装,PET吹瓶-灌注-贴标-膜包-码垛,51000,90,LABEL,贴标机,SX-PET02-LABEL,旧KRS线贴标机,主机设备,贴标机岗,一般岗,0,2,1,1,1,3日循环(白/夜/休),0.8,,主数据集人员样本持证要求字段聚合,智能排班岗位统计（河北厂、陕西厂）/产线主数据/工艺路径资源主数据
SCHEC-INPUT-V1.0,SX-PET02-FILL,SX,陕西厂,生产部,旧KRS线,SX-PET02,旧KRS线,PET瓶灌装,PET吹瓶-灌注-贴标-膜包-码垛,51000,90,FILL,灌注机,SX-PET02-FILL,旧KRS线灌注机,主机设备,灌注机岗,关键岗,1,3,1,1,1,3日循环(白/夜/休),0.8,,主数据集人员样本持证要求字段聚合,智能排班岗位统计（河北厂、陕西厂）/产线主数据/工艺路径资源主数据
SCHEC-INPUT-V1.0,SX-PET02-PACK-SHRINK,SX,陕西厂,生产部,旧KRS线,SX-PET02,旧KRS线,PET瓶灌装,PET吹瓶-灌注-贴标-膜包-码垛,51000,90,PACK-SHRINK,塑包机,SX-PET02-PACK-SHRINK,旧KRS线塑包机,主机设备,塑包机岗,一般岗,0,2,1,1,1,3日循环(白/夜/休),0.8,,主数据集人员样本持证要求字段聚合,智能排班岗位统计（河北厂、陕西厂）/产线主数据/工艺路径资源主数据
SCHEC-INPUT-V1.0,SX-PET02-PALLET,SX,陕西厂,生产部,旧KRS线,SX-PET02,旧KRS线,PET瓶灌装,PET吹瓶-灌注-贴标-膜包-码垛,51000,90,PALLET,码垛机,SX-PET02-PALLET,旧KRS线码垛机,主机设备,码垛机岗,一般岗,0,2,1,1,1,3日循环(白/夜/休),1.0,,主数据集人员样本持证要求字段聚合,智能排班岗位统计（河北厂、陕西厂）/产线主数据/工艺路径资源主数据
SCHEC-INPUT-V1.0,SX-PET02-PALLET-LABEL,SX,陕西厂,生产部,旧KRS线,SX-PET02,旧KRS线,PET瓶灌装,PET吹瓶-灌注-贴标-膜包-码垛,51000,90,PALLET-LABEL,垛贴码一体机,SX-PET02-PALLET-LABEL,旧KRS线垛贴码一体机,辅助设备,垛贴码岗,一般岗,0,2,1,1,1,3日循环(白/夜/休),0.8,,主数据集人员样本持证要求字段聚合,智能排班岗位统计（河北厂、陕西厂）/产线主数据/工艺路径资源主数据
SCHEC-INPUT-V1.0,SX-CAN01-DEPAL-CAN,SX,陕西厂,生产部,CAN线,SX-CAN01,CAN线,CAN易拉罐灌装,卸罐-灌注-塑包-码垛,33000,88,DEPAL-CAN,卸罐机,SX-CAN01-DEPAL-CAN,CAN线卸罐机,辅助设备,卸罐机岗,一般岗,0,2,1,1,1,3日循环(白/夜/休),1.0,,主数据集人员样本持证要求字段聚合,智能排班岗位统计（河北厂、陕西厂）/产线主数据/工艺路径资源主数据
SCHEC-INPUT-V1.0,SX-CAN01-FILL,SX,陕西厂,生产部,CAN线,SX-CAN01,CAN线,CAN易拉罐灌装,卸罐-灌注-塑包-码垛,33000,88,FILL,灌注机,SX-CAN01-FILL,CAN线灌注机,主机设备,灌注机岗,关键岗,1,3,1,1,1,3日循环(白/夜/休),1.5,,主数据集人员样本持证要求字段聚合,智能排班岗位统计（河北厂、陕西厂）/产线主数据/工艺路径资源主数据
SCHEC-INPUT-V1.0,SX-CAN01-PACK-SHRINK,SX,陕西厂,生产部,CAN线,SX-CAN01,CAN线,CAN易拉罐灌装,卸罐-灌注-塑包-码垛,33000,88,PACK-SHRINK,塑包机,SX-CAN01-PACK-SHRINK,CAN线塑包机,主机设备,塑包机岗,一般岗,0,2,1,1,1,3日循环(白/夜/休),1.0,,主数据集人员样本持证要求字段聚合,智能排班岗位统计（河北厂、陕西厂）/产线主数据/工艺路径资源主数据
SCHEC-INPUT-V1.0,SX-CAN01-PALLET,SX,陕西厂,生产部,CAN线,SX-CAN01,CAN线,CAN易拉罐灌装,卸罐-灌注-塑包-码垛,33000,88,PALLET,码垛机,SX-CAN01-PALLET,CAN线码垛机,主机设备,码垛机岗,一般岗,0,2,1,1,1,3日循环(白/夜/休),0.8,,主数据集人员样本持证要求字段聚合,智能排班岗位统计（河北厂、陕西厂）/产线主数据/工艺路径资源主数据
SCHEC-INPUT-V1.0,SX-CAN01-PACK-MULTI,SX,陕西厂,生产部,CAN线,SX-CAN01,CAN线,CAN易拉罐灌装,卸罐-灌注-塑包-码垛,33000,88,PACK-MULTI,多包装机,SX-CAN01-PACK-MULTI,CAN线多包装机,辅助设备,多包装机,一般岗,0,2,1,1,1,3日循环(白/夜/休),0.8,,主数据集人员样本持证要求字段聚合,智能排班岗位统计（河北厂、陕西厂）/产线主数据/工艺路径资源主数据
SCHEC-INPUT-V1.0,SX-RB01-DEPAL,SX,陕西厂,生产部,KHS线,SX-RB01,KHS线(RB),玻璃瓶（RB）灌装,码卸垛-洗瓶-灌注-目检,36000,86,DEPAL,码卸垛机,SX-RB01-DEPAL,KHS线(RB)码卸垛机,辅助设备,码卸垛机岗,一般岗,0,2,1,1,1,3日循环(白/夜/休),0.8,,主数据集人员样本持证要求字段聚合,智能排班岗位统计（河北厂、陕西厂）/产线主数据/工艺路径资源主数据
SCHEC-INPUT-V1.0,SX-RB01-LOADER,SX,陕西厂,生产部,KHS线,SX-RB01,KHS线(RB),玻璃瓶（RB）灌装,码卸垛-洗瓶-灌注-目检,36000,86,LOADER,装卸箱机,SX-RB01-LOADER,KHS线(RB)装卸箱机,辅助设备,装卸箱机岗,一般岗,0,2,1,1,1,3日循环(白/夜/休),1.2,,主数据集人员样本持证要求字段聚合,智能排班岗位统计（河北厂、陕西厂）/产线主数据/工艺路径资源主数据
SCHEC-INPUT-V1.0,SX-RB01-WASHER,SX,陕西厂,生产部,KHS线,SX-RB01,KHS线(RB),玻璃瓶（RB）灌装,码卸垛-洗瓶-灌注-目检,36000,86,WASHER,洗瓶机,SX-RB01-WASHER,KHS线(RB)洗瓶机,主机设备,洗瓶机岗,一般岗,0,2,1,1,1,3日循环(白/夜/休),0.8,,主数据集人员样本持证要求字段聚合,智能排班岗位统计（河北厂、陕西厂）/产线主数据/工艺路径资源主数据
SCHEC-INPUT-V1.0,SX-RB01-FILL,SX,陕西厂,生产部,KHS线,SX-RB01,KHS线(RB),玻璃瓶（RB）灌装,码卸垛-洗瓶-灌注-目检,36000,86,FILL,灌注机,SX-RB01-FILL,KHS线(RB)灌注机,主机设备,灌注机岗,关键岗,1,3,1,1,1,3日循环(白/夜/休),1.0,,主数据集人员样本持证要求字段聚合,智能排班岗位统计（河北厂、陕西厂）/产线主数据/工艺路径资源主数据
SCHEC-INPUT-V1.0,SX-RB01-QC-FGI1,SX,陕西厂,生产部,KHS线,SX-RB01,KHS线(RB),玻璃瓶（RB）灌装,码卸垛-洗瓶-灌注-目检,36000,86,QC-FGI1,成品目检灯检台1,SX-RB01-QC-FGI1,KHS线(RB)成品目检灯检台1,辅助设备,成品目检岗1,关键岗,1,3,1,1,1,3日循环(白/夜/休),1.0,食品检验工资格,主数据集人员样本持证要求字段聚合,智能排班岗位统计（河北厂、陕西厂）/产线主数据/工艺路径资源主数据
SCHEC-INPUT-V1.0,SX-RB01-QC-FGI2,SX,陕西厂,生产部,KHS线,SX-RB01,KHS线(RB),玻璃瓶（RB）灌装,码卸垛-洗瓶-灌注-目检,36000,86,QC-FGI2,成品目检灯检台2,SX-RB01-QC-FGI2,KHS线(RB)成品目检灯检台2,辅助设备,成品目检岗2,关键岗,1,3,1,1,1,3日循环(白/夜/休),1.5,食品检验工资格,主数据集人员样本持证要求字段聚合,智能排班岗位统计（河北厂、陕西厂）/产线主数据/工艺路径资源主数据
SCHEC-INPUT-V1.0,SX-RB01-QC-BOTTLE,SX,陕西厂,生产部,KHS线,SX-RB01,KHS线(RB),玻璃瓶（RB）灌装,码卸垛-洗瓶-灌注-目检,36000,86,QC-BOTTLE,空瓶检测机,SX-RB01-QC-BOTTLE,KHS线(RB)空瓶检测机,辅助设备,空瓶检测岗,关键岗,1,3,1,1,1,3日循环(白/夜/休),1.2,食品检验工资格,主数据集人员样本持证要求字段聚合,智能排班岗位统计（河北厂、陕西厂）/产线主数据/工艺路径资源主数据
SCHEC-INPUT-V1.0,SX-BIB01-FILL,SX,陕西厂,生产部,BIB线,SX-BIB01,BIB线,现调糖浆BIB灌装,灌装-包装,8000,84,FILL,BIB灌装机,SX-BIB01-FILL,BIB线BIB灌装机,主机设备,灌装岗,关键岗,1,3,1,1,1,3日循环(白/夜/休),1.0,,主数据集人员样本持证要求字段聚合,智能排班岗位统计（河北厂、陕西厂）/产线主数据/工艺路径资源主数据
SCHEC-INPUT-V1.0,SX-BIB01-PACK-1,SX,陕西厂,生产部,BIB线,SX-BIB01,BIB线,现调糖浆BIB灌装,灌装-包装,8000,84,PACK-1,BIB包装机1,SX-BIB01-PACK-1,BIB线BIB包装机1,辅助设备,包装岗1,辅助岗,0,1,1,1,1,3日循环(白/夜/休),1.0,,主数据集人员样本持证要求字段聚合,智能排班岗位统计（河北厂、陕西厂）/产线主数据/工艺路径资源主数据
SCHEC-INPUT-V1.0,SX-BIB01-PACK-2,SX,陕西厂,生产部,BIB线,SX-BIB01,BIB线,现调糖浆BIB灌装,灌装-包装,8000,84,PACK-2,BIB包装机2,SX-BIB01-PACK-2,BIB线BIB包装机2,辅助设备,包装岗2,辅助岗,0,1,1,1,1,3日循环(白/夜/休),0.8,,主数据集人员样本持证要求字段聚合,智能排班岗位统计（河北厂、陕西厂）/产线主数据/工艺路径资源主数据
SCHEC-INPUT-V1.0,SX-BIB01-PACK-3,SX,陕西厂,生产部,BIB线,SX-BIB01,BIB线,现调糖浆BIB灌装,灌装-包装,8000,84,PACK-3,BIB包装机3,SX-BIB01-PACK-3,BIB线BIB包装机3,辅助设备,包装岗3,辅助岗,0,1,1,0,1,3日循环(白/夜/休),1.2,,主数据集人员样本持证要求字段聚合,智能排班岗位统计（河北厂、陕西厂）/产线主数据/工艺路径资源主数据
SCHEC-INPUT-V1.0,SX-SYRUP-SYRUP-PRE,SX,陕西厂,生产部,糖浆间,SX-SYRUP,糖浆间,现调糖浆BIB灌装,灌装-包装,8000,88,SYRUP-PRE,前糖溶糖系统,SX-SYRUP-SYRUP-PRE,糖浆间前糖溶糖系统,辅助设备,前糖岗,关键岗,1,3,1,0,0,常白班(连续溶糖时排夜班),1.0,,主数据集人员样本持证要求字段聚合,智能排班岗位统计（河北厂、陕西厂）/产线主数据/工艺路径资源主数据
SCHEC-INPUT-V1.0,SX-SYRUP-SYRUP-POST1,SX,陕西厂,生产部,糖浆间,SX-SYRUP,糖浆间,现调糖浆BIB灌装,灌装-包装,8000,88,SYRUP-POST1,后糖系统1,SX-SYRUP-SYRUP-POST1,糖浆间后糖系统1,辅助设备,后糖岗1,关键岗,1,3,1,1,1,3日循环(白/夜/休),1.5,,主数据集人员样本持证要求字段聚合,智能排班岗位统计（河北厂、陕西厂）/产线主数据/工艺路径资源主数据
SCHEC-INPUT-V1.0,SX-SYRUP-SYRUP-POST2,SX,陕西厂,生产部,糖浆间,SX-SYRUP,糖浆间,现调糖浆BIB灌装,灌装-包装,8000,88,SYRUP-POST2,后糖系统2,SX-SYRUP-SYRUP-POST2,糖浆间后糖系统2,辅助设备,后糖岗2,关键岗,1,3,1,1,1,3日循环(白/夜/休),0.8,,主数据集人员样本持证要求字段聚合,智能排班岗位统计（河北厂、陕西厂）/产线主数据/工艺路径资源主数据
SCHEC-INPUT-V1.0,SX-UTIL-WATER,SX,陕西厂,生产部,水处理及污水,SX-UTIL,水处理及污水处理,瓶装水灌装,吹瓶-灌注-贴标-膜包-码垛,0,88,WATER,水处理系统,SX-UTIL-WATER,水处理及污水处理水处理系统,辅助设备,水处理操作岗,关键岗,1,3,1,0,0,常白班,0.0,,主数据集人员样本持证要求字段聚合,智能排班岗位统计（河北厂、陕西厂）/产线主数据/工艺路径资源主数据
SCHEC-INPUT-V1.0,SX-UTIL-WWTP,SX,陕西厂,生产部,水处理及污水,SX-UTIL,水处理及污水处理,瓶装水灌装,吹瓶-灌注-贴标-膜包-码垛,0,88,WWTP,污水处理站,SX-UTIL-WWTP,水处理及污水处理污水处理站,辅助设备,污水处理岗,一般岗,0,2,0,1,1,夜班两岗合并1人,0.0,特种设备作业证,主数据集人员样本持证要求字段聚合,智能排班岗位统计（河北厂、陕西厂）/产线主数据/工艺路径资源主数据
SCHEC-INPUT-V1.0,SX-ENG-ELEC-LINE1,SX,陕西厂,工程部,外围区域,SX-ENG,工程部(陕西),PET瓶灌装,PET吹瓶-灌注-贴标-膜包-码垛,0,88,ELEC-LINE1,产线配电1,SX-ENG-ELEC-LINE1,工程部(陕西)产线配电1,辅助设备,生产线电工1,关键岗,1,3,1,1,1,3日循环(白/夜/休),1.5,低压电工证,主数据集人员样本持证要求字段聚合,智能排班岗位统计（河北厂、陕西厂）/产线主数据/工艺路径资源主数据
SCHEC-INPUT-V1.0,SX-ENG-ELEC-LINE2,SX,陕西厂,工程部,外围区域,SX-ENG,工程部(陕西),PET瓶灌装,PET吹瓶-灌注-贴标-膜包-码垛,0,88,ELEC-LINE2,产线配电2,SX-ENG-ELEC-LINE2,工程部(陕西)产线配电2,辅助设备,生产线电工2,关键岗,1,3,1,0,0,常白班,1.2,低压电工证,主数据集人员样本持证要求字段聚合,智能排班岗位统计（河北厂、陕西厂）/产线主数据/工艺路径资源主数据
SCHEC-INPUT-V1.0,SX-ENG-ELEC-OUT,SX,陕西厂,工程部,外围区域,SX-ENG,工程部(陕西),PET瓶灌装,PET吹瓶-灌注-贴标-膜包-码垛,0,88,ELEC-OUT,外围配电,SX-ENG-ELEC-OUT,工程部(陕西)外围配电,辅助设备,外围电工,关键岗,1,3,1,0,0,常白班,1.0,低压电工证,主数据集人员样本持证要求字段聚合,智能排班岗位统计（河北厂、陕西厂）/产线主数据/工艺路径资源主数据
SCHEC-INPUT-V1.0,SX-ENG-AIRCOMP,SX,陕西厂,工程部,外围区域,SX-ENG,工程部(陕西),PET瓶灌装,PET吹瓶-灌注-贴标-膜包-码垛,0,88,AIRCOMP,制冷空压机,SX-ENG-AIRCOMP,工程部(陕西)制冷空压机,辅助设备,制冷空压机岗,关键岗,1,3,1,1,1,3日循环(白/夜/休),1.0,,主数据集人员样本持证要求字段聚合,智能排班岗位统计（河北厂、陕西厂）/产线主数据/工艺路径资源主数据
SCHEC-INPUT-V1.0,SX-ENG-BOILER,SX,陕西厂,工程部,外围区域,SX-ENG,工程部(陕西),PET瓶灌装,PET吹瓶-灌注-贴标-膜包-码垛,0,88,BOILER,锅炉,SX-ENG-BOILER,工程部(陕西)锅炉,辅助设备,锅炉操作岗,持证岗,1,3,1,1,1,3日循环(白/夜/休),1.0,特种设备作业证,主数据集人员样本持证要求字段聚合,智能排班岗位统计（河北厂、陕西厂）/产线主数据/工艺路径资源主数据
SCHEC-INPUT-V1.0,SX-ENG-MECH-LINE,SX,陕西厂,工程部,外围区域,SX-ENG,工程部(陕西),PET瓶灌装,PET吹瓶-灌注-贴标-膜包-码垛,0,88,MECH-LINE,产线机修,SX-ENG-MECH-LINE,工程部(陕西)产线机修,辅助设备,生产线机修岗,一般岗,0,2,3,1,1,白班3人/夜班1人,1.0,低压电工证,主数据集人员样本持证要求字段聚合,智能排班岗位统计（河北厂、陕西厂）/产线主数据/工艺路径资源主数据
SCHEC-INPUT-V1.0,SX-QC-QC-AUX,SX,陕西厂,品控部,辅助品控,SX-QC,辅助品控(陕西),PET瓶灌装,PET吹瓶-灌注-贴标-膜包-码垛,0,88,QC-AUX,辅线品控,SX-QC-QC-AUX,辅助品控(陕西)辅线品控,辅助设备,辅线品控（水、糖、BIB）,关键岗,1,3,1,1,1,3日循环(白/夜/休),1.0,食品检验工资格,主数据集人员样本持证要求字段聚合,智能排班岗位统计（河北厂、陕西厂）/产线主数据/工艺路径资源主数据
SCHEC-INPUT-V1.0,SX-QC-QC-RM,SX,陕西厂,品控部,辅助品控,SX-QC,辅助品控(陕西),PET瓶灌装,PET吹瓶-灌注-贴标-膜包-码垛,0,88,QC-RM,原物料检验,SX-QC-QC-RM,辅助品控(陕西)原物料检验,辅助设备,原物料品控,关键岗,1,3,1,0,0,常白班,1.0,食品检验工资格,主数据集人员样本持证要求字段聚合,智能排班岗位统计（河北厂、陕西厂）/产线主数据/工艺路径资源主数据
SCHEC-INPUT-V1.0,SX-QC-QC-MICRO,SX,陕西厂,品控部,辅助品控,SX-QC,辅助品控(陕西),PET瓶灌装,PET吹瓶-灌注-贴标-膜包-码垛,0,88,QC-MICRO,微生物实验室,SX-QC-QC-MICRO,辅助品控(陕西)微生物实验室,辅助设备,微生物品控,关键岗,1,3,1,0,0,常白班,0.8,食品检验工资格,主数据集人员样本持证要求字段聚合,智能排班岗位统计（河北厂、陕西厂）/产线主数据/工艺路径资源主数据
SCHEC-INPUT-V1.0,SX-QC-QC-IP-PET1,SX,陕西厂,品控部,在线品控,SX-QC,在线品控(陕西),PET瓶灌装,PET吹瓶-灌注-贴标-膜包-码垛,0,88,QC-IP-PET1,在线品控仪,SX-QC-QC-IP-PET1,在线品控(陕西)在线品控仪,辅助设备,PET线品控1,关键岗,1,3,1,1,1,3日循环(白/夜/休),1.0,食品检验工资格,主数据集人员样本持证要求字段聚合,智能排班岗位统计（河北厂、陕西厂）/产线主数据/工艺路径资源主数据
SCHEC-INPUT-V1.0,SX-QC-QC-IP-PET2,SX,陕西厂,品控部,在线品控,SX-QC,在线品控(陕西),PET瓶灌装,PET吹瓶-灌注-贴标-膜包-码垛,0,88,QC-IP-PET2,在线品控仪,SX-QC-QC-IP-PET2,在线品控(陕西)在线品控仪,辅助设备,PET线品控2,关键岗,1,3,1,1,1,3日循环(白/夜/休),1.5,食品检验工资格,主数据集人员样本持证要求字段聚合,智能排班岗位统计（河北厂、陕西厂）/产线主数据/工艺路径资源主数据
SCHEC-INPUT-V1.0,SX-QC-QC-IP-CAN,SX,陕西厂,品控部,在线品控,SX-QC,在线品控(陕西),PET瓶灌装,PET吹瓶-灌注-贴标-膜包-码垛,0,88,QC-IP-CAN,在线品控仪,SX-QC-QC-IP-CAN,在线品控(陕西)在线品控仪,辅助设备,CAN线品控,关键岗,1,3,1,1,1,3日循环(白/夜/休),1.5,食品检验工资格,主数据集人员样本持证要求字段聚合,智能排班岗位统计（河北厂、陕西厂）/产线主数据/工艺路径资源主数据
SCHEC-INPUT-V1.0,SX-QC-QC-IP-RB,SX,陕西厂,品控部,在线品控,SX-QC,在线品控(陕西),PET瓶灌装,PET吹瓶-灌注-贴标-膜包-码垛,0,88,QC-IP-RB,在线品控仪,SX-QC-QC-IP-RB,在线品控(陕西)在线品控仪,辅助设备,RB线品控,关键岗,1,3,1,1,1,3日循环(白/夜/休),1.0,食品检验工资格,主数据集人员样本持证要求字段聚合,智能排班岗位统计（河北厂、陕西厂）/产线主数据/工艺路径资源主数据
SCHEC-INPUT-V1.0,SX-QC-QC-BLOW,SX,陕西厂,品控部,在线品控,SX-QC,在线品控(陕西),PET瓶灌装,PET吹瓶-灌注-贴标-膜包-码垛,0,88,QC-BLOW,空瓶检测机,SX-QC-QC-BLOW,在线品控(陕西)空瓶检测机,辅助设备,吹瓶品控,关键岗,1,3,1,1,1,3日循环(白/夜/休),1.0,食品检验工资格,主数据集人员样本持证要求字段聚合,智能排班岗位统计（河北厂、陕西厂）/产线主数据/工艺路径资源主数据
SCHEC-INPUT-V1.0,HB-PET01-SHIFT-ENG,HB,河北厂,生产部,PET01线,HB-PET01,PET01线(汽水),PET瓶灌装,PET吹瓶-灌注-贴标-膜包-码垛,52800,90,SHIFT-ENG,产线中控,HB-PET01-SHIFT-ENG,PET01线(汽水)产线中控,辅助设备,倒班工程师,关键岗,1,3,1,1,1,3日循环(白/夜/休),0.8,,主数据集人员样本持证要求字段聚合,智能排班岗位统计（河北厂、陕西厂）/产线主数据/工艺路径资源主数据
SCHEC-INPUT-V1.0,HB-PET01-BLOW,HB,河北厂,生产部,PET01线,HB-PET01,PET01线(汽水),PET瓶灌装,PET吹瓶-灌注-贴标-膜包-码垛,52800,90,BLOW,吹瓶机,HB-PET01-BLOW,PET01线(汽水)吹瓶机,主机设备,吹瓶机岗,关键岗,1,3,1,1,1,3日循环(白/夜/休),0.8,,主数据集人员样本持证要求字段聚合,智能排班岗位统计（河北厂、陕西厂）/产线主数据/工艺路径资源主数据
SCHEC-INPUT-V1.0,HB-PET01-FILL,HB,河北厂,生产部,PET01线,HB-PET01,PET01线(汽水),PET瓶灌装,PET吹瓶-灌注-贴标-膜包-码垛,52800,90,FILL,灌注机,HB-PET01-FILL,PET01线(汽水)灌注机,主机设备,灌注机岗,关键岗,1,3,1,1,1,3日循环(白/夜/休),0.8,,主数据集人员样本持证要求字段聚合,智能排班岗位统计（河北厂、陕西厂）/产线主数据/工艺路径资源主数据
SCHEC-INPUT-V1.0,HB-PET01-LABEL,HB,河北厂,生产部,PET01线,HB-PET01,PET01线(汽水),PET瓶灌装,PET吹瓶-灌注-贴标-膜包-码垛,52800,90,LABEL,贴标机,HB-PET01-LABEL,PET01线(汽水)贴标机,主机设备,贴标机岗,一般岗,0,2,1,1,1,3日循环(白/夜/休),0.8,,主数据集人员样本持证要求字段聚合,智能排班岗位统计（河北厂、陕西厂）/产线主数据/工艺路径资源主数据
SCHEC-INPUT-V1.0,HB-PET01-PACK-SHRINK,HB,河北厂,生产部,PET01线,HB-PET01,PET01线(汽水),PET瓶灌装,PET吹瓶-灌注-贴标-膜包-码垛,52800,90,PACK-SHRINK,膜包机,HB-PET01-PACK-SHRINK,PET01线(汽水)膜包机,主机设备,膜包机岗,一般岗,0,2,1,1,1,3日循环(白/夜/休),1.2,,主数据集人员样本持证要求字段聚合,智能排班岗位统计（河北厂、陕西厂）/产线主数据/工艺路径资源主数据
SCHEC-INPUT-V1.0,HB-PET01-PALLET,HB,河北厂,生产部,PET01线,HB-PET01,PET01线(汽水),PET瓶灌装,PET吹瓶-灌注-贴标-膜包-码垛,52800,90,PALLET,码垛机,HB-PET01-PALLET,PET01线(汽水)码垛机,主机设备,码垛机岗,一般岗,0,2,1,1,1,3日循环(白/夜/休),1.2,,主数据集人员样本持证要求字段聚合,智能排班岗位统计（河北厂、陕西厂）/产线主数据/工艺路径资源主数据
SCHEC-INPUT-V1.0,HB-PET01-HANDLE-1,HB,河北厂,生产部,PET01线,HB-PET01,PET01线(汽水),PET瓶灌装,PET吹瓶-灌注-贴标-膜包-码垛,52800,90,HANDLE-1,提扣机1号线,HB-PET01-HANDLE-1,PET01线(汽水)提扣机1号线,辅助设备,提扣机岗1,辅助岗,0,1,1,1,1,3日循环(白/夜/休),1.5,,主数据集人员样本持证要求字段聚合,智能排班岗位统计（河北厂、陕西厂）/产线主数据/工艺路径资源主数据
SCHEC-INPUT-V1.0,HB-PET01-HANDLE-2,HB,河北厂,生产部,PET01线,HB-PET01,PET01线(汽水),PET瓶灌装,PET吹瓶-灌注-贴标-膜包-码垛,52800,90,HANDLE-2,提扣机2号线,HB-PET01-HANDLE-2,PET01线(汽水)提扣机2号线,辅助设备,提扣机岗2,辅助岗,0,1,1,1,1,3日循环(白/夜/休),0.8,,主数据集人员样本持证要求字段聚合,智能排班岗位统计（河北厂、陕西厂）/产线主数据/工艺路径资源主数据
SCHEC-INPUT-V1.0,HB-PET02-BLOW-FILL,HB,河北厂,生产部,PET02线,HB-PET02,PET02线(水线),瓶装水灌装,吹瓶-灌注-贴标-膜包-码垛,48000,88,BLOW-FILL,吹灌一体机,HB-PET02-BLOW-FILL,PET02线(水线)吹灌一体机,辅助设备,吹瓶、灌装岗位,关键岗,1,3,1,1,1,3日循环(白/夜/休),0.0,,主数据集人员样本持证要求字段聚合,智能排班岗位统计（河北厂、陕西厂）/产线主数据/工艺路径资源主数据
SCHEC-INPUT-V1.0,HB-PET02-LABEL,HB,河北厂,生产部,PET02线,HB-PET02,PET02线(水线),瓶装水灌装,吹瓶-灌注-贴标-膜包-码垛,48000,88,LABEL,贴标机,HB-PET02-LABEL,PET02线(水线)贴标机,主机设备,贴标机岗,一般岗,0,2,1,1,1,3日循环(白/夜/休),0.0,,主数据集人员样本持证要求字段聚合,智能排班岗位统计（河北厂、陕西厂）/产线主数据/工艺路径资源主数据
SCHEC-INPUT-V1.0,HB-PET02-PACK-SHRINK,HB,河北厂,生产部,PET02线,HB-PET02,PET02线(水线),瓶装水灌装,吹瓶-灌注-贴标-膜包-码垛,48000,88,PACK-SHRINK,膜包机,HB-PET02-PACK-SHRINK,PET02线(水线)膜包机,主机设备,膜包机岗,一般岗,0,2,1,1,1,3日循环(白/夜/休),0.0,,主数据集人员样本持证要求字段聚合,智能排班岗位统计（河北厂、陕西厂）/产线主数据/工艺路径资源主数据
SCHEC-INPUT-V1.0,HB-PET02-PALLET,HB,河北厂,生产部,PET02线,HB-PET02,PET02线(水线),瓶装水灌装,吹瓶-灌注-贴标-膜包-码垛,48000,88,PALLET,码垛机,HB-PET02-PALLET,PET02线(水线)码垛机,主机设备,码垛机岗,一般岗,0,2,1,1,1,3日循环(白/夜/休),0.0,,主数据集人员样本持证要求字段聚合,智能排班岗位统计（河北厂、陕西厂）/产线主数据/工艺路径资源主数据
SCHEC-INPUT-V1.0,HB-PET03-BLOW,HB,河北厂,生产部,PET03线,HB-PET03,PET03线(汽水),PET瓶灌装,PET吹瓶-灌注-贴标-膜包-码垛,54000,91,BLOW,吹瓶机,HB-PET03-BLOW,PET03线(汽水)吹瓶机,主机设备,吹瓶机岗,关键岗,1,3,1,1,1,3日循环(白/夜/休),1.5,,主数据集人员样本持证要求字段聚合,智能排班岗位统计（河北厂、陕西厂）/产线主数据/工艺路径资源主数据
SCHEC-INPUT-V1.0,HB-PET03-FILL,HB,河北厂,生产部,PET03线,HB-PET03,PET03线(汽水),PET瓶灌装,PET吹瓶-灌注-贴标-膜包-码垛,54000,91,FILL,灌注机,HB-PET03-FILL,PET03线(汽水)灌注机,主机设备,灌注机岗,关键岗,1,3,1,1,1,3日循环(白/夜/休),1.0,,主数据集人员样本持证要求字段聚合,智能排班岗位统计（河北厂、陕西厂）/产线主数据/工艺路径资源主数据
SCHEC-INPUT-V1.0,HB-PET03-LABEL,HB,河北厂,生产部,PET03线,HB-PET03,PET03线(汽水),PET瓶灌装,PET吹瓶-灌注-贴标-膜包-码垛,54000,91,LABEL,贴标机,HB-PET03-LABEL,PET03线(汽水)贴标机,主机设备,贴标机岗,一般岗,0,2,1,1,1,3日循环(白/夜/休),1.5,,主数据集人员样本持证要求字段聚合,智能排班岗位统计（河北厂、陕西厂）/产线主数据/工艺路径资源主数据
SCHEC-INPUT-V1.0,HB-PET03-PACK-SHRINK,HB,河北厂,生产部,PET03线,HB-PET03,PET03线(汽水),PET瓶灌装,PET吹瓶-灌注-贴标-膜包-码垛,54000,91,PACK-SHRINK,膜包机,HB-PET03-PACK-SHRINK,PET03线(汽水)膜包机,主机设备,膜包机岗,一般岗,0,2,1,1,1,3日循环(白/夜/休),1.5,,主数据集人员样本持证要求字段聚合,智能排班岗位统计（河北厂、陕西厂）/产线主数据/工艺路径资源主数据
SCHEC-INPUT-V1.0,HB-PET03-PALLET,HB,河北厂,生产部,PET03线,HB-PET03,PET03线(汽水),PET瓶灌装,PET吹瓶-灌注-贴标-膜包-码垛,54000,91,PALLET,码垛机,HB-PET03-PALLET,PET03线(汽水)码垛机,主机设备,码垛机岗,一般岗,0,2,1,1,1,3日循环(白/夜/休),1.5,,主数据集人员样本持证要求字段聚合,智能排班岗位统计（河北厂、陕西厂）/产线主数据/工艺路径资源主数据
SCHEC-INPUT-V1.0,HB-PET03-HANDLE-1,HB,河北厂,生产部,PET03线,HB-PET03,PET03线(汽水),PET瓶灌装,PET吹瓶-灌注-贴标-膜包-码垛,54000,91,HANDLE-1,提扣机1号线,HB-PET03-HANDLE-1,PET03线(汽水)提扣机1号线,辅助设备,提扣机岗1,辅助岗,0,1,1,1,1,3日循环(白/夜/休),1.0,,主数据集人员样本持证要求字段聚合,智能排班岗位统计（河北厂、陕西厂）/产线主数据/工艺路径资源主数据
SCHEC-INPUT-V1.0,HB-PET03-HANDLE-2,HB,河北厂,生产部,PET03线,HB-PET03,PET03线(汽水),PET瓶灌装,PET吹瓶-灌注-贴标-膜包-码垛,54000,91,HANDLE-2,提扣机2号线,HB-PET03-HANDLE-2,PET03线(汽水)提扣机2号线,辅助设备,提扣机岗2,辅助岗,0,1,1,1,1,3日循环(白/夜/休),1.5,,主数据集人员样本持证要求字段聚合,智能排班岗位统计（河北厂、陕西厂）/产线主数据/工艺路径资源主数据
SCHEC-INPUT-V1.0,HB-SYRUP-WATER,HB,河北厂,生产部,水糖车间,HB-SYRUP,水糖车间,PET瓶灌装,PET吹瓶-灌注-贴标-膜包-码垛,0,88,WATER,水处理系统,HB-SYRUP-WATER,水糖车间水处理系统,辅助设备,水处理操作岗,关键岗,1,3,1,1,1,3日循环(白/夜/休),1.2,,主数据集人员样本持证要求字段聚合,智能排班岗位统计（河北厂、陕西厂）/产线主数据/工艺路径资源主数据
SCHEC-INPUT-V1.0,HB-SYRUP-SYRUP-PRE,HB,河北厂,生产部,水糖车间,HB-SYRUP,水糖车间,PET瓶灌装,PET吹瓶-灌注-贴标-膜包-码垛,0,88,SYRUP-PRE,前糖溶糖系统,HB-SYRUP-SYRUP-PRE,水糖车间前糖溶糖系统,辅助设备,前糖岗,关键岗,1,3,1,0,0,常白班(连续溶糖时排夜班),1.2,,主数据集人员样本持证要求字段聚合,智能排班岗位统计（河北厂、陕西厂）/产线主数据/工艺路径资源主数据
SCHEC-INPUT-V1.0,HB-SYRUP-SYRUP-POST1,HB,河北厂,生产部,水糖车间,HB-SYRUP,水糖车间,PET瓶灌装,PET吹瓶-灌注-贴标-膜包-码垛,0,88,SYRUP-POST1,后糖系统1,HB-SYRUP-SYRUP-POST1,水糖车间后糖系统1,辅助设备,后糖岗1,关键岗,1,3,1,1,1,3日循环(白/夜/休),0.8,,主数据集人员样本持证要求字段聚合,智能排班岗位统计（河北厂、陕西厂）/产线主数据/工艺路径资源主数据
SCHEC-INPUT-V1.0,HB-SYRUP-SYRUP-POST2,HB,河北厂,生产部,水糖车间,HB-SYRUP,水糖车间,PET瓶灌装,PET吹瓶-灌注-贴标-膜包-码垛,0,88,SYRUP-POST2,后糖系统2,HB-SYRUP-SYRUP-POST2,水糖车间后糖系统2,辅助设备,后糖岗2,关键岗,1,3,1,1,1,3日循环(白/夜/休),1.2,,主数据集人员样本持证要求字段聚合,智能排班岗位统计（河北厂、陕西厂）/产线主数据/工艺路径资源主数据
SCHEC-INPUT-V1.0,HB-AS01-SHIFT-LEADER,HB,河北厂,生产部,无菌线生产线,HB-AS01,无菌线,无菌冷灌装,吹瓶-UHT调配-无菌灌注-贴标-膜包-码垛,24000,85,SHIFT-LEADER,产线中控,HB-AS01-SHIFT-LEADER,无菌线产线中控,辅助设备,生产领班,关键岗,1,3,1,1,1,6日循环(两白两夜两休),1.5,,主数据集人员样本持证要求字段聚合,智能排班岗位统计（河北厂、陕西厂）/产线主数据/工艺路径资源主数据
SCHEC-INPUT-V1.0,HB-AS01-BLOW,HB,河北厂,生产部,无菌线生产线,HB-AS01,无菌线,无菌冷灌装,吹瓶-UHT调配-无菌灌注-贴标-膜包-码垛,24000,85,BLOW,吹瓶机,HB-AS01-BLOW,无菌线吹瓶机,主机设备,吹瓶机岗,关键岗,1,3,1,1,1,6日循环(两白两夜两休),1.5,,主数据集人员样本持证要求字段聚合,智能排班岗位统计（河北厂、陕西厂）/产线主数据/工艺路径资源主数据
SCHEC-INPUT-V1.0,HB-AS01-FILL,HB,河北厂,生产部,无菌线生产线,HB-AS01,无菌线,无菌冷灌装,吹瓶-UHT调配-无菌灌注-贴标-膜包-码垛,24000,85,FILL,灌注机,HB-AS01-FILL,无菌线灌注机,主机设备,灌注机岗,关键岗,1,3,1,1,1,6日循环(两白两夜两休),1.5,,主数据集人员样本持证要求字段聚合,智能排班岗位统计（河北厂、陕西厂）/产线主数据/工艺路径资源主数据
SCHEC-INPUT-V1.0,HB-AS01-LABEL,HB,河北厂,生产部,无菌线生产线,HB-AS01,无菌线,无菌冷灌装,吹瓶-UHT调配-无菌灌注-贴标-膜包-码垛,24000,85,LABEL,贴标机,HB-AS01-LABEL,无菌线贴标机,主机设备,贴标机岗,一般岗,0,2,1,1,1,6日循环(两白两夜两休),1.2,,主数据集人员样本持证要求字段聚合,智能排班岗位统计（河北厂、陕西厂）/产线主数据/工艺路径资源主数据
SCHEC-INPUT-V1.0,HB-AS01-PACK-SHRINK,HB,河北厂,生产部,无菌线生产线,HB-AS01,无菌线,无菌冷灌装,吹瓶-UHT调配-无菌灌注-贴标-膜包-码垛,24000,85,PACK-SHRINK,膜包机,HB-AS01-PACK-SHRINK,无菌线膜包机,主机设备,膜包机岗,一般岗,0,2,1,1,1,6日循环(两白两夜两休),1.0,,主数据集人员样本持证要求字段聚合,智能排班岗位统计（河北厂、陕西厂）/产线主数据/工艺路径资源主数据
SCHEC-INPUT-V1.0,HB-AS01-PALLET,HB,河北厂,生产部,无菌线生产线,HB-AS01,无菌线,无菌冷灌装,吹瓶-UHT调配-无菌灌注-贴标-膜包-码垛,24000,85,PALLET,码垛机,HB-AS01-PALLET,无菌线码垛机,主机设备,码垛机岗,一般岗,0,2,1,1,1,6日循环(两白两夜两休),1.5,,主数据集人员样本持证要求字段聚合,智能排班岗位统计（河北厂、陕西厂）/产线主数据/工艺路径资源主数据
SCHEC-INPUT-V1.0,HB-AS01-HANDLE-1,HB,河北厂,生产部,无菌线生产线,HB-AS01,无菌线,无菌冷灌装,吹瓶-UHT调配-无菌灌注-贴标-膜包-码垛,24000,85,HANDLE-1,提扣机1号线,HB-AS01-HANDLE-1,无菌线提扣机1号线,辅助设备,提扣机岗1,辅助岗,0,1,1,1,1,6日循环(两白两夜两休),1.5,,主数据集人员样本持证要求字段聚合,智能排班岗位统计（河北厂、陕西厂）/产线主数据/工艺路径资源主数据
SCHEC-INPUT-V1.0,HB-AS01-HANDLE-2,HB,河北厂,生产部,无菌线生产线,HB-AS01,无菌线,无菌冷灌装,吹瓶-UHT调配-无菌灌注-贴标-膜包-码垛,24000,85,HANDLE-2,提扣机2号线,HB-AS01-HANDLE-2,无菌线提扣机2号线,辅助设备,提扣机岗2,辅助岗,0,1,1,1,1,6日循环(两白两夜两休),1.0,,主数据集人员样本持证要求字段聚合,智能排班岗位统计（河北厂、陕西厂）/产线主数据/工艺路径资源主数据
SCHEC-INPUT-V1.0,HB-AS01-CARTON,HB,河北厂,生产部,无菌线生产线,HB-AS01,无菌线,无菌冷灌装,吹瓶-UHT调配-无菌灌注-贴标-膜包-码垛,24000,85,CARTON,纸箱成型机,HB-AS01-CARTON,无菌线纸箱成型机,辅助设备,上纸箱岗,辅助岗,0,1,1,1,1,6日循环(两白两夜两休),1.0,,主数据集人员样本持证要求字段聚合,智能排班岗位统计（河北厂、陕西厂）/产线主数据/工艺路径资源主数据
SCHEC-INPUT-V1.0,HB-AS01-UHT-1,HB,河北厂,生产部,无菌线调配,HB-AS01,无菌线,无菌冷灌装,吹瓶-UHT调配-无菌灌注-贴标-膜包-码垛,24000,85,UHT-1,UHT调配系统1,HB-AS01-UHT-1,无菌线UHT调配系统1,主机设备,UHT&调配&果肉操作1,关键岗,1,3,1,1,1,6日循环(两白两夜两休),1.2,,主数据集人员样本持证要求字段聚合,智能排班岗位统计（河北厂、陕西厂）/产线主数据/工艺路径资源主数据
SCHEC-INPUT-V1.0,HB-AS01-UHT-2,HB,河北厂,生产部,无菌线调配,HB-AS01,无菌线,无菌冷灌装,吹瓶-UHT调配-无菌灌注-贴标-膜包-码垛,24000,85,UHT-2,UHT调配系统2,HB-AS01-UHT-2,无菌线UHT调配系统2,辅助设备,UHT&调配&果肉操作2,关键岗,1,3,1,1,1,6日循环(两白两夜两休),0.8,,主数据集人员样本持证要求字段聚合,智能排班岗位统计（河北厂、陕西厂）/产线主数据/工艺路径资源主数据
SCHEC-INPUT-V1.0,HB-AS01-UHT-AUX,HB,河北厂,生产部,无菌线调配,HB-AS01,无菌线,无菌冷灌装,吹瓶-UHT调配-无菌灌注-贴标-膜包-码垛,24000,85,UHT-AUX,调配辅助设备,HB-AS01-UHT-AUX,无菌线调配辅助设备,辅助设备,辅助工,辅助岗,0,1,1,1,1,6日循环(两白两夜两休),1.0,,主数据集人员样本持证要求字段聚合,智能排班岗位统计（河北厂、陕西厂）/产线主数据/工艺路径资源主数据
SCHEC-INPUT-V1.0,HB-ENG-ELEC-1,HB,河北厂,工程部,内围工程,HB-ENG,工程部内围(河北),PET瓶灌装,PET吹瓶-灌注-贴标-膜包-码垛,0,88,ELEC-1,电气系统,HB-ENG-ELEC-1,工程部内围(河北)电气系统,辅助设备,电气维修工程师1,关键岗,1,3,1,1,1,3日循环(白/夜/休),1.2,低压电工证,主数据集人员样本持证要求字段聚合,智能排班岗位统计（河北厂、陕西厂）/产线主数据/工艺路径资源主数据
SCHEC-INPUT-V1.0,HB-ENG-ELEC-2,HB,河北厂,工程部,内围工程,HB-ENG,工程部内围(河北),PET瓶灌装,PET吹瓶-灌注-贴标-膜包-码垛,0,88,ELEC-2,电气系统,HB-ENG-ELEC-2,工程部内围(河北)电气系统,辅助设备,电气维修工程师2,关键岗,1,3,1,0,0,常白班,0.8,低压电工证,主数据集人员样本持证要求字段聚合,智能排班岗位统计（河北厂、陕西厂）/产线主数据/工艺路径资源主数据
SCHEC-INPUT-V1.0,HB-ENG-ENG-BLOW,HB,河北厂,工程部,内围工程,HB-ENG,工程部内围(河北),PET瓶灌装,PET吹瓶-灌注-贴标-膜包-码垛,0,88,ENG-BLOW,吹瓶机,HB-ENG-ENG-BLOW,工程部内围(河北)吹瓶机,辅助设备,吹瓶机工程师,关键岗,1,3,1,0,0,常白班,0.8,低压电工证,主数据集人员样本持证要求字段聚合,智能排班岗位统计（河北厂、陕西厂）/产线主数据/工艺路径资源主数据
SCHEC-INPUT-V1.0,HB-ENG-ENG-FILL,HB,河北厂,工程部,内围工程,HB-ENG,工程部内围(河北),PET瓶灌装,PET吹瓶-灌注-贴标-膜包-码垛,0,88,ENG-FILL,灌注机,HB-ENG-ENG-FILL,工程部内围(河北)灌注机,辅助设备,灌装机工程师,关键岗,1,3,1,0,0,常白班,1.5,低压电工证,主数据集人员样本持证要求字段聚合,智能排班岗位统计（河北厂、陕西厂）/产线主数据/工艺路径资源主数据
SCHEC-INPUT-V1.0,HB-ENG-ENG-LABEL,HB,河北厂,工程部,内围工程,HB-ENG,工程部内围(河北),PET瓶灌装,PET吹瓶-灌注-贴标-膜包-码垛,0,88,ENG-LABEL,贴标机,HB-ENG-ENG-LABEL,工程部内围(河北)贴标机,辅助设备,贴标机工程师,关键岗,1,3,1,0,0,常白班,1.5,低压电工证,主数据集人员样本持证要求字段聚合,智能排班岗位统计（河北厂、陕西厂）/产线主数据/工艺路径资源主数据
SCHEC-INPUT-V1.0,HB-ENG-ENG-PACK,HB,河北厂,工程部,内围工程,HB-ENG,工程部内围(河北),PET瓶灌装,PET吹瓶-灌注-贴标-膜包-码垛,0,88,ENG-PACK,膜包机,HB-ENG-ENG-PACK,工程部内围(河北)膜包机,辅助设备,膜包机工程师,关键岗,1,3,1,0,0,常白班,1.0,低压电工证,主数据集人员样本持证要求字段聚合,智能排班岗位统计（河北厂、陕西厂）/产线主数据/工艺路径资源主数据
SCHEC-INPUT-V1.0,HB-ENG-ENG-PALLET,HB,河北厂,工程部,内围工程,HB-ENG,工程部内围(河北),PET瓶灌装,PET吹瓶-灌注-贴标-膜包-码垛,0,88,ENG-PALLET,码垛机,HB-ENG-ENG-PALLET,工程部内围(河北)码垛机,辅助设备,码垛机工程师,关键岗,1,3,1,0,0,常白班,1.5,低压电工证,主数据集人员样本持证要求字段聚合,智能排班岗位统计（河北厂、陕西厂）/产线主数据/工艺路径资源主数据
SCHEC-INPUT-V1.0,HB-ENG2-ELEC-OUT1,HB,河北厂,工程部,外围区域,HB-ENG2,工程部外围(河北),PET瓶灌装,PET吹瓶-灌注-贴标-膜包-码垛,0,88,ELEC-OUT1,外围配电,HB-ENG2-ELEC-OUT1,工程部外围(河北)外围配电,辅助设备,外围电工1,关键岗,1,3,1,1,1,3日循环(白/夜/休),1.2,低压电工证,主数据集人员样本持证要求字段聚合,智能排班岗位统计（河北厂、陕西厂）/产线主数据/工艺路径资源主数据
SCHEC-INPUT-V1.0,HB-ENG2-ELEC-OUT2,HB,河北厂,工程部,外围区域,HB-ENG2,工程部外围(河北),PET瓶灌装,PET吹瓶-灌注-贴标-膜包-码垛,0,88,ELEC-OUT2,外围配电,HB-ENG2-ELEC-OUT2,工程部外围(河北)外围配电,辅助设备,外围电工2,关键岗,1,3,1,0,0,常白班,0.8,低压电工证,主数据集人员样本持证要求字段聚合,智能排班岗位统计（河北厂、陕西厂）/产线主数据/工艺路径资源主数据
SCHEC-INPUT-V1.0,HB-ENG2-BOILER,HB,河北厂,工程部,外围区域,HB-ENG2,工程部外围(河北),PET瓶灌装,PET吹瓶-灌注-贴标-膜包-码垛,0,88,BOILER,锅炉,HB-ENG2-BOILER,工程部外围(河北)锅炉,辅助设备,锅炉岗,持证岗,1,3,1,1,1,3日循环(白/夜/休),0.8,特种设备作业证,主数据集人员样本持证要求字段聚合,智能排班岗位统计（河北厂、陕西厂）/产线主数据/工艺路径资源主数据
SCHEC-INPUT-V1.0,HB-ENG2-AIRCOMP,HB,河北厂,工程部,外围区域,HB-ENG2,工程部外围(河北),PET瓶灌装,PET吹瓶-灌注-贴标-膜包-码垛,0,88,AIRCOMP,空压机,HB-ENG2-AIRCOMP,工程部外围(河北)空压机,辅助设备,空压岗,关键岗,1,3,1,1,1,3日循环(白/夜/休),1.0,特种设备作业证,主数据集人员样本持证要求字段聚合,智能排班岗位统计（河北厂、陕西厂）/产线主数据/工艺路径资源主数据
SCHEC-INPUT-V1.0,HB-ENG2-WWTP,HB,河北厂,工程部,外围区域,HB-ENG2,工程部外围(河北),PET瓶灌装,PET吹瓶-灌注-贴标-膜包-码垛,0,88,WWTP,污水处理站,HB-ENG2-WWTP,工程部外围(河北)污水处理站,辅助设备,污水岗,一般岗,0,2,1,1,1,3日循环(白/夜/休),1.5,,主数据集人员样本持证要求字段聚合,智能排班岗位统计（河北厂、陕西厂）/产线主数据/工艺路径资源主数据
SCHEC-INPUT-V1.0,HB-QC-QC-RM-SODA,HB,河北厂,品控部,辅助品控,HB-QC,辅助品控(河北),PET瓶灌装,PET吹瓶-灌注-贴标-膜包-码垛,0,88,QC-RM-SODA,原物料检验,HB-QC-QC-RM-SODA,辅助品控(河北)原物料检验,辅助设备,汽水线原物料品控,关键岗,1,3,1,1,1,3日循环(白/夜/休),1.0,食品检验工资格,主数据集人员样本持证要求字段聚合,智能排班岗位统计（河北厂、陕西厂）/产线主数据/工艺路径资源主数据
SCHEC-INPUT-V1.0,HB-QC-QC-RM-AS,HB,河北厂,品控部,辅助品控,HB-QC,辅助品控(河北),PET瓶灌装,PET吹瓶-灌注-贴标-膜包-码垛,0,88,QC-RM-AS,原物料检验,HB-QC-QC-RM-AS,辅助品控(河北)原物料检验,辅助设备,无菌线原物料品控,关键岗,1,3,1,1,1,3日循环(白/夜/休),1.5,食品检验工资格,主数据集人员样本持证要求字段聚合,智能排班岗位统计（河北厂、陕西厂）/产线主数据/工艺路径资源主数据
SCHEC-INPUT-V1.0,HB-QC-QC-MICRO-SODA,HB,河北厂,品控部,辅助品控,HB-QC,辅助品控(河北),PET瓶灌装,PET吹瓶-灌注-贴标-膜包-码垛,0,88,QC-MICRO-SODA,微生物实验室,HB-QC-QC-MICRO-SODA,辅助品控(河北)微生物实验室,辅助设备,汽水线微生物品控,关键岗,1,3,1,0,0,常白班,1.2,食品检验工资格,主数据集人员样本持证要求字段聚合,智能排班岗位统计（河北厂、陕西厂）/产线主数据/工艺路径资源主数据
SCHEC-INPUT-V1.0,HB-QC-QC-MICRO-AS1,HB,河北厂,品控部,辅助品控,HB-QC,辅助品控(河北),PET瓶灌装,PET吹瓶-灌注-贴标-膜包-码垛,0,88,QC-MICRO-AS1,微生物实验室,HB-QC-QC-MICRO-AS1,辅助品控(河北)微生物实验室,辅助设备,无菌线微生物品控1,关键岗,1,3,1,0,0,常白班,1.5,食品检验工资格,主数据集人员样本持证要求字段聚合,智能排班岗位统计（河北厂、陕西厂）/产线主数据/工艺路径资源主数据
SCHEC-INPUT-V1.0,HB-QC-QC-MICRO-AS2,HB,河北厂,品控部,辅助品控,HB-QC,辅助品控(河北),PET瓶灌装,PET吹瓶-灌注-贴标-膜包-码垛,0,88,QC-MICRO-AS2,微生物实验室,HB-QC-QC-MICRO-AS2,辅助品控(河北)微生物实验室,辅助设备,无菌线微生物品控2,关键岗,1,3,1,0,0,常白班,1.2,食品检验工资格,主数据集人员样本持证要求字段聚合,智能排班岗位统计（河北厂、陕西厂）/产线主数据/工艺路径资源主数据
SCHEC-INPUT-V1.0,HB-QC-QC-MICRO-AS3,HB,河北厂,品控部,辅助品控,HB-QC,辅助品控(河北),PET瓶灌装,PET吹瓶-灌注-贴标-膜包-码垛,0,88,QC-MICRO-AS3,微生物实验室,HB-QC-QC-MICRO-AS3,辅助品控(河北)微生物实验室,辅助设备,无菌线微生物品控3,关键岗,1,3,1,0,0,常白班,0.8,食品检验工资格,主数据集人员样本持证要求字段聚合,智能排班岗位统计（河北厂、陕西厂）/产线主数据/工艺路径资源主数据
SCHEC-INPUT-V1.0,HB-QC2-QC-IP-PET01,HB,河北厂,品控部,制程品控,HB-QC2,制程品控(河北),PET瓶灌装,PET吹瓶-灌注-贴标-膜包-码垛,0,88,QC-IP-PET01,在线品控仪,HB-QC2-QC-IP-PET01,制程品控(河北)在线品控仪,辅助设备,PET01线制程品控,关键岗,1,3,1,1,1,3日循环(白/夜/休),1.2,食品检验工资格,主数据集人员样本持证要求字段聚合,智能排班岗位统计（河北厂、陕西厂）/产线主数据/工艺路径资源主数据
SCHEC-INPUT-V1.0,HB-QC2-QC-IP-PET02,HB,河北厂,品控部,制程品控,HB-QC2,制程品控(河北),PET瓶灌装,PET吹瓶-灌注-贴标-膜包-码垛,0,88,QC-IP-PET02,在线品控仪,HB-QC2-QC-IP-PET02,制程品控(河北)在线品控仪,辅助设备,PET02线制程品控,关键岗,1,3,1,1,1,3日循环(白/夜/休),1.2,食品检验工资格,主数据集人员样本持证要求字段聚合,智能排班岗位统计（河北厂、陕西厂）/产线主数据/工艺路径资源主数据
SCHEC-INPUT-V1.0,HB-QC2-QC-IP-PET03,HB,河北厂,品控部,制程品控,HB-QC2,制程品控(河北),PET瓶灌装,PET吹瓶-灌注-贴标-膜包-码垛,0,88,QC-IP-PET03,在线品控仪,HB-QC2-QC-IP-PET03,制程品控(河北)在线品控仪,辅助设备,PET03线制程品控,关键岗,1,3,1,1,1,3日循环(白/夜/休),1.5,食品检验工资格,主数据集人员样本持证要求字段聚合,智能排班岗位统计（河北厂、陕西厂）/产线主数据/工艺路径资源主数据
SCHEC-INPUT-V1.0,HB-QC2-QC-BLOW,HB,河北厂,品控部,制程品控,HB-QC2,制程品控(河北),PET瓶灌装,PET吹瓶-灌注-贴标-膜包-码垛,0,88,QC-BLOW,空瓶检测机,HB-QC2-QC-BLOW,制程品控(河北)空瓶检测机,辅助设备,吹瓶品控,关键岗,1,3,1,1,1,3日循环(白/夜/休),1.0,食品检验工资格,主数据集人员样本持证要求字段聚合,智能排班岗位统计（河北厂、陕西厂）/产线主数据/工艺路径资源主数据
SCHEC-INPUT-V1.0,HB-QC2-QC-WATER,HB,河北厂,品控部,制程品控,HB-QC2,制程品控(河北),PET瓶灌装,PET吹瓶-灌注-贴标-膜包-码垛,0,88,QC-WATER,水糖检验,HB-QC2-QC-WATER,制程品控(河北)水糖检验,辅助设备,水糖品控,关键岗,1,3,1,1,1,3日循环(白/夜/休),1.5,食品检验工资格,主数据集人员样本持证要求字段聚合,智能排班岗位统计（河北厂、陕西厂）/产线主数据/工艺路径资源主数据
SCHEC-INPUT-V1.0,HB-QC2-QC-IP-AS,HB,河北厂,品控部,制程品控,HB-QC2,制程品控(河北),PET瓶灌装,PET吹瓶-灌注-贴标-膜包-码垛,0,88,QC-IP-AS,在线品控仪,HB-QC2-QC-IP-AS,制程品控(河北)在线品控仪,辅助设备,无菌线制程品控,关键岗,1,3,1,1,1,6日循环(两白两夜两休),1.2,食品检验工资格,主数据集人员样本持证要求字段聚合,智能排班岗位统计（河北厂、陕西厂）/产线主数据/工艺路径资源主数据
