employee_id,skill_code,skill_name,skill_score,source_type
DEMO-EMP-PET-01-1-1,SKILL-CORE,核心设备操作,83.0,synthetic_demo
DEMO-EMP-PET-01-1-1,SKILL-SAFETY,安全规程,89.0,synthetic_demo
DEMO-EMP-PET-01-1-2,SKILL-CORE,核心设备操作,88.0,synthetic_demo
DEMO-EMP-PET-01-1-2,SKILL-SAFETY,安全规程,94.0,synthetic_demo
DEMO-EMP-PET-01-2-1,SKILL-CORE,核心设备操作,93.0,synthetic_demo
DEMO-EMP-PET-01-2-1,SKILL-SAFETY,安全规程,99.0,synthetic_demo
DEMO-EMP-PET-01-2-2,SKILL-CORE,核心设备操作,98.0,synthetic_demo
DEMO-EMP-PET-01-2-2,SKILL-SAFETY,安全规程,100.0,synthetic_demo
DEMO-EMP-PET-01-3-1,SKILL-CORE,核心设备操作,103.0,synthetic_demo
DEMO-EMP-PET-01-3-1,SKILL-SAFETY,安全规程,100.0,synthetic_demo
DEMO-EMP-PET-01-3-2,SKILL-CORE,核心设备操作,108.0,synthetic_demo
DEMO-EMP-PET-01-3-2,SKILL-SAFETY,安全规程,100.0,synthetic_demo
DEMO-XEMP-PET-01-X01-01,SKILL-CORE,核心设备操作,68.0,synthetic_demo
DEMO-XEMP-PET-01-X01-01,SKILL-SAFETY,安全规程,86.0,synthetic_demo
DEMO-XEMP-PET-01-X01-01,SKILL-5S,现场整理,72.0,synthetic_demo
DEMO-XEMP-PET-01-X01-02,SKILL-CORE,核心设备操作,63.0,synthetic_demo
DEMO-XEMP-PET-01-X01-02,SKILL-SAFETY,安全规程,90.0,synthetic_demo
DEMO-XEMP-PET-01-X01-02,SKILL-HANDOVER,班次交接,91.0,synthetic_demo
DEMO-XEMP-PET-01-X01-03,SKILL-CORE,核心设备操作,96.0,synthetic_demo
DEMO-XEMP-PET-01-X01-03,SKILL-SAFETY,安全规程,99.0,synthetic_demo
DEMO-XEMP-PET-01-X01-03,SKILL-QUALITY,质量抽检,88.0,synthetic_demo
DEMO-XEMP-PET-01-X01-03,SKILL-5S,现场整理,78.0,synthetic_demo
DEMO-XEMP-PET-01-X01-03,SKILL-MAINTENANCE,设备点检,75.0,synthetic_demo
DEMO-XEMP-PET-01-X01-04,SKILL-CORE,核心设备操作,86.0,synthetic_demo
DEMO-XEMP-PET-01-X01-04,SKILL-SAFETY,安全规程,77.0,synthetic_demo
DEMO-XEMP-PET-01-X01-04,SKILL-CHANGEOVER,产品换型,60.0,synthetic_demo
DEMO-XEMP-PET-01-X01-04,SKILL-HANDOVER,班次交接,59.0,synthetic_demo
DEMO-XEMP-PET-01-X02-01,SKILL-CORE,核心设备操作,63.0,synthetic_demo
DEMO-XEMP-PET-01-X02-01,SKILL-SAFETY,安全规程,70.0,synthetic_demo
DEMO-XEMP-PET-01-X02-01,SKILL-MAINTENANCE,设备点检,92.0,synthetic_demo
DEMO-XEMP-PET-01-X02-01,SKILL-QUALITY,质量抽检,69.0,synthetic_demo
DEMO-XEMP-PET-01-X02-02,SKILL-CORE,核心设备操作,79.0,synthetic_demo
DEMO-XEMP-PET-01-X02-02,SKILL-SAFETY,安全规程,94.0,synthetic_demo
DEMO-XEMP-PET-01-X02-02,SKILL-HANDOVER,班次交接,98.0,synthetic_demo
DEMO-XEMP-PET-01-X02-02,SKILL-5S,现场整理,83.0,synthetic_demo
DEMO-XEMP-PET-01-X02-02,SKILL-MAINTENANCE,设备点检,82.0,synthetic_demo
DEMO-XEMP-PET-01-X02-02,SKILL-QUALITY,质量抽检,99.0,synthetic_demo
DEMO-XEMP-PET-01-X02-03,SKILL-CORE,核心设备操作,60.0,synthetic_demo
DEMO-XEMP-PET-01-X02-03,SKILL-SAFETY,安全规程,88.0,synthetic_demo
DEMO-XEMP-PET-01-X02-03,SKILL-QUALITY,质量抽检,60.0,synthetic_demo
DEMO-XEMP-PET-01-X02-03,SKILL-MAINTENANCE,设备点检,84.0,synthetic_demo
DEMO-XEMP-PET-01-X02-04,SKILL-CORE,核心设备操作,72.0,synthetic_demo
DEMO-XEMP-PET-01-X02-04,SKILL-SAFETY,安全规程,75.0,synthetic_demo
DEMO-XEMP-PET-01-X02-04,SKILL-CHANGEOVER,产品换型,91.0,synthetic_demo
DEMO-XEMP-PET-01-X02-04,SKILL-HANDOVER,班次交接,92.0,synthetic_demo
DEMO-XEMP-PET-01-X02-04,SKILL-5S,现场整理,86.0,synthetic_demo
DEMO-XEMP-PET-01-X02-04,SKILL-MAINTENANCE,设备点检,82.0,synthetic_demo
DEMO-XEMP-PET-01-X02-04,SKILL-QUALITY,质量抽检,98.0,synthetic_demo
DEMO-XEMP-PET-01-X03-01,SKILL-CORE,核心设备操作,65.0,synthetic_demo
DEMO-XEMP-PET-01-X03-01,SKILL-SAFETY,安全规程,97.0,synthetic_demo
DEMO-XEMP-PET-01-X03-01,SKILL-5S,现场整理,76.0,synthetic_demo
DEMO-XEMP-PET-01-X03-02,SKILL-CORE,核心设备操作,58.0,synthetic_demo
DEMO-XEMP-PET-01-X03-02,SKILL-SAFETY,安全规程,60.0,synthetic_demo
DEMO-XEMP-PET-01-X03-02,SKILL-HANDOVER,班次交接,90.0,synthetic_demo
DEMO-XEMP-PET-01-X03-02,SKILL-AUTOMATION,自动化设备操作,63.0,synthetic_demo
DEMO-XEMP-PET-01-X03-03,SKILL-CORE,核心设备操作,85.0,synthetic_demo
DEMO-XEMP-PET-01-X03-03,SKILL-SAFETY,安全规程,68.0,synthetic_demo
DEMO-XEMP-PET-01-X03-03,SKILL-QUALITY,质量抽检,66.0,synthetic_demo
DEMO-XEMP-PET-01-X03-03,SKILL-5S,现场整理,68.0,synthetic_demo
DEMO-XEMP-PET-01-X03-03,SKILL-MAINTENANCE,设备点检,87.0,synthetic_demo
DEMO-XEMP-PET-01-X03-04,SKILL-CORE,核心设备操作,73.0,synthetic_demo
DEMO-XEMP-PET-01-X03-04,SKILL-SAFETY,安全规程,76.0,synthetic_demo
DEMO-XEMP-PET-01-X03-04,SKILL-CHANGEOVER,产品换型,66.0,synthetic_demo
DEMO-XEMP-PET-01-X03-04,SKILL-HANDOVER,班次交接,77.0,synthetic_demo
DEMO-XEMP-PET-01-X03-04,SKILL-AUTOMATION,自动化设备操作,84.0,synthetic_demo
DEMO-XEMP-PET-01-X04-01,SKILL-CORE,核心设备操作,64.0,synthetic_demo
DEMO-XEMP-PET-01-X04-01,SKILL-SAFETY,安全规程,97.0,synthetic_demo
DEMO-XEMP-PET-01-X04-01,SKILL-MAINTENANCE,设备点检,90.0,synthetic_demo
DEMO-XEMP-PET-01-X04-01,SKILL-EMERGENCY,异常应急处置,60.0,synthetic_demo
DEMO-XEMP-PET-01-X04-02,SKILL-CORE,核心设备操作,99.0,synthetic_demo
DEMO-XEMP-PET-01-X04-02,SKILL-SAFETY,安全规程,81.0,synthetic_demo
DEMO-XEMP-PET-01-X04-02,SKILL-HANDOVER,班次交接,82.0,synthetic_demo
DEMO-XEMP-PET-01-X04-02,SKILL-5S,现场整理,91.0,synthetic_demo
DEMO-XEMP-PET-01-X04-02,SKILL-MAINTENANCE,设备点检,97.0,synthetic_demo
DEMO-XEMP-PET-01-X04-03,SKILL-CORE,核心设备操作,76.0,synthetic_demo
DEMO-XEMP-PET-01-X04-03,SKILL-SAFETY,安全规程,69.0,synthetic_demo
DEMO-XEMP-PET-01-X04-03,SKILL-QUALITY,质量抽检,70.0,synthetic_demo
DEMO-XEMP-PET-01-X04-03,SKILL-MAINTENANCE,设备点检,100.0,synthetic_demo
DEMO-XEMP-PET-01-X04-03,SKILL-EMERGENCY,异常应急处置,83.0,synthetic_demo
DEMO-XEMP-PET-01-X04-04,SKILL-CORE,核心设备操作,87.0,synthetic_demo
DEMO-XEMP-PET-01-X04-04,SKILL-SAFETY,安全规程,71.0,synthetic_demo
DEMO-XEMP-PET-01-X04-04,SKILL-CHANGEOVER,产品换型,66.0,synthetic_demo
DEMO-XEMP-PET-01-X04-04,SKILL-HANDOVER,班次交接,77.0,synthetic_demo
DEMO-XEMP-PET-01-X04-04,SKILL-5S,现场整理,75.0,synthetic_demo
DEMO-XEMP-PET-01-X04-04,SKILL-MAINTENANCE,设备点检,64.0,synthetic_demo
DEMO-EMP-PET-02-1-1,SKILL-CORE,核心设备操作,83.0,synthetic_demo
DEMO-EMP-PET-02-1-1,SKILL-SAFETY,安全规程,89.0,synthetic_demo
DEMO-EMP-PET-02-1-2,SKILL-CORE,核心设备操作,88.0,synthetic_demo
DEMO-EMP-PET-02-1-2,SKILL-SAFETY,安全规程,94.0,synthetic_demo
DEMO-EMP-PET-02-2-1,SKILL-CORE,核心设备操作,93.0,synthetic_demo
DEMO-EMP-PET-02-2-1,SKILL-SAFETY,安全规程,99.0,synthetic_demo
DEMO-EMP-PET-02-2-2,SKILL-CORE,核心设备操作,98.0,synthetic_demo
DEMO-EMP-PET-02-2-2,SKILL-SAFETY,安全规程,100.0,synthetic_demo
DEMO-EMP-PET-02-3-1,SKILL-CORE,核心设备操作,103.0,synthetic_demo
DEMO-EMP-PET-02-3-1,SKILL-SAFETY,安全规程,100.0,synthetic_demo
DEMO-EMP-PET-02-3-2,SKILL-CORE,核心设备操作,108.0,synthetic_demo
DEMO-EMP-PET-02-3-2,SKILL-SAFETY,安全规程,100.0,synthetic_demo
DEMO-XEMP-PET-02-X01-01,SKILL-CORE,核心设备操作,62.0,synthetic_demo
DEMO-XEMP-PET-02-X01-01,SKILL-SAFETY,安全规程,74.0,synthetic_demo
DEMO-XEMP-PET-02-X01-01,SKILL-5S,现场整理,71.0,synthetic_demo
DEMO-XEMP-PET-02-X01-02,SKILL-CORE,核心设备操作,90.0,synthetic_demo
DEMO-XEMP-PET-02-X01-02,SKILL-SAFETY,安全规程,98.0,synthetic_demo
DEMO-XEMP-PET-02-X01-02,SKILL-HANDOVER,班次交接,83.0,synthetic_demo
DEMO-XEMP-PET-02-X01-03,SKILL-CORE,核心设备操作,71.0,synthetic_demo
DEMO-XEMP-PET-02-X01-03,SKILL-SAFETY,安全规程,77.0,synthetic_demo
DEMO-XEMP-PET-02-X01-03,SKILL-QUALITY,质量抽检,94.0,synthetic_demo
DEMO-XEMP-PET-02-X01-03,SKILL-5S,现场整理,60.0,synthetic_demo
DEMO-XEMP-PET-02-X01-03,SKILL-MAINTENANCE,设备点检,75.0,synthetic_demo
DEMO-XEMP-PET-02-X01-04,SKILL-CORE,核心设备操作,66.0,synthetic_demo
DEMO-XEMP-PET-02-X01-04,SKILL-SAFETY,安全规程,89.0,synthetic_demo
DEMO-XEMP-PET-02-X01-04,SKILL-CHANGEOVER,产品换型,70.0,synthetic_demo
DEMO-XEMP-PET-02-X01-04,SKILL-HANDOVER,班次交接,90.0,synthetic_demo
DEMO-XEMP-PET-02-X02-01,SKILL-CORE,核心设备操作,75.0,synthetic_demo
DEMO-XEMP-PET-02-X02-01,SKILL-SAFETY,安全规程,96.0,synthetic_demo
DEMO-XEMP-PET-02-X02-01,SKILL-MAINTENANCE,设备点检,75.0,synthetic_demo
DEMO-XEMP-PET-02-X02-01,SKILL-QUALITY,质量抽检,81.0,synthetic_demo
DEMO-XEMP-PET-02-X02-02,SKILL-CORE,核心设备操作,71.0,synthetic_demo
DEMO-XEMP-PET-02-X02-02,SKILL-SAFETY,安全规程,89.0,synthetic_demo
DEMO-XEMP-PET-02-X02-02,SKILL-HANDOVER,班次交接,72.0,synthetic_demo
DEMO-XEMP-PET-02-X02-02,SKILL-5S,现场整理,75.0,synthetic_demo
DEMO-XEMP-PET-02-X02-02,SKILL-MAINTENANCE,设备点检,58.0,synthetic_demo
DEMO-XEMP-PET-02-X02-02,SKILL-QUALITY,质量抽检,67.0,synthetic_demo
DEMO-XEMP-PET-02-X02-03,SKILL-CORE,核心设备操作,78.0,synthetic_demo
DEMO-XEMP-PET-02-X02-03,SKILL-SAFETY,安全规程,60.0,synthetic_demo
DEMO-XEMP-PET-02-X02-03,SKILL-QUALITY,质量抽检,87.0,synthetic_demo
DEMO-XEMP-PET-02-X02-03,SKILL-MAINTENANCE,设备点检,72.0,synthetic_demo
DEMO-XEMP-PET-02-X02-04,SKILL-CORE,核心设备操作,64.0,synthetic_demo
DEMO-XEMP-PET-02-X02-04,SKILL-SAFETY,安全规程,59.0,synthetic_demo
DEMO-XEMP-PET-02-X02-04,SKILL-CHANGEOVER,产品换型,90.0,synthetic_demo
DEMO-XEMP-PET-02-X02-04,SKILL-HANDOVER,班次交接,70.0,synthetic_demo
DEMO-XEMP-PET-02-X02-04,SKILL-5S,现场整理,86.0,synthetic_demo
DEMO-XEMP-PET-02-X02-04,SKILL-MAINTENANCE,设备点检,65.0,synthetic_demo
DEMO-XEMP-PET-02-X02-04,SKILL-QUALITY,质量抽检,74.0,synthetic_demo
DEMO-XEMP-PET-02-X03-01,SKILL-CORE,核心设备操作,87.0,synthetic_demo
DEMO-XEMP-PET-02-X03-01,SKILL-SAFETY,安全规程,65.0,synthetic_demo
DEMO-XEMP-PET-02-X03-01,SKILL-5S,现场整理,63.0,synthetic_demo
DEMO-XEMP-PET-02-X03-02,SKILL-CORE,核心设备操作,72.0,synthetic_demo
DEMO-XEMP-PET-02-X03-02,SKILL-SAFETY,安全规程,77.0,synthetic_demo
DEMO-XEMP-PET-02-X03-02,SKILL-HANDOVER,班次交接,59.0,synthetic_demo
DEMO-XEMP-PET-02-X03-02,SKILL-AUTOMATION,自动化设备操作,89.0,synthetic_demo
DEMO-XEMP-PET-02-X03-03,SKILL-CORE,核心设备操作,59.0,synthetic_demo
DEMO-XEMP-PET-02-X03-03,SKILL-SAFETY,安全规程,90.0,synthetic_demo
DEMO-XEMP-PET-02-X03-03,SKILL-QUALITY,质量抽检,77.0,synthetic_demo
DEMO-XEMP-PET-02-X03-03,SKILL-5S,现场整理,91.0,synthetic_demo
DEMO-XEMP-PET-02-X03-03,SKILL-MAINTENANCE,设备点检,70.0,synthetic_demo
DEMO-XEMP-PET-02-X03-04,SKILL-CORE,核心设备操作,67.0,synthetic_demo
DEMO-XEMP-PET-02-X03-04,SKILL-SAFETY,安全规程,65.0,synthetic_demo
DEMO-XEMP-PET-02-X03-04,SKILL-CHANGEOVER,产品换型,73.0,synthetic_demo
DEMO-XEMP-PET-02-X03-04,SKILL-HANDOVER,班次交接,98.0,synthetic_demo
DEMO-XEMP-PET-02-X03-04,SKILL-AUTOMATION,自动化设备操作,61.0,synthetic_demo
DEMO-XEMP-PET-02-X04-01,SKILL-CORE,核心设备操作,89.0,synthetic_demo
DEMO-XEMP-PET-02-X04-01,SKILL-SAFETY,安全规程,90.0,synthetic_demo
DEMO-XEMP-PET-02-X04-01,SKILL-MAINTENANCE,设备点检,64.0,synthetic_demo
DEMO-XEMP-PET-02-X04-01,SKILL-EMERGENCY,异常应急处置,73.0,synthetic_demo
DEMO-XEMP-PET-02-X04-02,SKILL-CORE,核心设备操作,70.0,synthetic_demo
DEMO-XEMP-PET-02-X04-02,SKILL-SAFETY,安全规程,71.0,synthetic_demo
DEMO-XEMP-PET-02-X04-02,SKILL-HANDOVER,班次交接,94.0,synthetic_demo
DEMO-XEMP-PET-02-X04-02,SKILL-5S,现场整理,81.0,synthetic_demo
DEMO-XEMP-PET-02-X04-02,SKILL-MAINTENANCE,设备点检,84.0,synthetic_demo
DEMO-XEMP-PET-02-X04-03,SKILL-CORE,核心设备操作,62.0,synthetic_demo
DEMO-XEMP-PET-02-X04-03,SKILL-SAFETY,安全规程,58.0,synthetic_demo
DEMO-XEMP-PET-02-X04-03,SKILL-QUALITY,质量抽检,58.0,synthetic_demo
DEMO-XEMP-PET-02-X04-03,SKILL-MAINTENANCE,设备点检,61.0,synthetic_demo
DEMO-XEMP-PET-02-X04-03,SKILL-EMERGENCY,异常应急处置,75.0,synthetic_demo
DEMO-XEMP-PET-02-X04-04,SKILL-CORE,核心设备操作,58.0,synthetic_demo
DEMO-XEMP-PET-02-X04-04,SKILL-SAFETY,安全规程,61.0,synthetic_demo
DEMO-XEMP-PET-02-X04-04,SKILL-CHANGEOVER,产品换型,73.0,synthetic_demo
DEMO-XEMP-PET-02-X04-04,SKILL-HANDOVER,班次交接,62.0,synthetic_demo
DEMO-XEMP-PET-02-X04-04,SKILL-5S,现场整理,79.0,synthetic_demo
DEMO-XEMP-PET-02-X04-04,SKILL-MAINTENANCE,设备点检,100.0,synthetic_demo
DEMO-EMP-PET-03-1-1,SKILL-CORE,核心设备操作,83.0,synthetic_demo
DEMO-EMP-PET-03-1-1,SKILL-SAFETY,安全规程,89.0,synthetic_demo
DEMO-EMP-PET-03-1-2,SKILL-CORE,核心设备操作,88.0,synthetic_demo
DEMO-EMP-PET-03-1-2,SKILL-SAFETY,安全规程,94.0,synthetic_demo
DEMO-EMP-PET-03-2-1,SKILL-CORE,核心设备操作,93.0,synthetic_demo
DEMO-EMP-PET-03-2-1,SKILL-SAFETY,安全规程,99.0,synthetic_demo
DEMO-EMP-PET-03-2-2,SKILL-CORE,核心设备操作,98.0,synthetic_demo
DEMO-EMP-PET-03-2-2,SKILL-SAFETY,安全规程,100.0,synthetic_demo
DEMO-EMP-PET-03-3-1,SKILL-CORE,核心设备操作,103.0,synthetic_demo
DEMO-EMP-PET-03-3-1,SKILL-SAFETY,安全规程,100.0,synthetic_demo
DEMO-EMP-PET-03-3-2,SKILL-CORE,核心设备操作,108.0,synthetic_demo
DEMO-EMP-PET-03-3-2,SKILL-SAFETY,安全规程,100.0,synthetic_demo
DEMO-XEMP-PET-03-X01-01,SKILL-CORE,核心设备操作,87.0,synthetic_demo
DEMO-XEMP-PET-03-X01-01,SKILL-SAFETY,安全规程,96.0,synthetic_demo
DEMO-XEMP-PET-03-X01-01,SKILL-5S,现场整理,86.0,synthetic_demo
DEMO-XEMP-PET-03-X01-02,SKILL-CORE,核心设备操作,71.0,synthetic_demo
DEMO-XEMP-PET-03-X01-02,SKILL-SAFETY,安全规程,58.0,synthetic_demo
DEMO-XEMP-PET-03-X01-02,SKILL-HANDOVER,班次交接,59.0,synthetic_demo
DEMO-XEMP-PET-03-X01-03,SKILL-CORE,核心设备操作,73.0,synthetic_demo
DEMO-XEMP-PET-03-X01-03,SKILL-SAFETY,安全规程,85.0,synthetic_demo
DEMO-XEMP-PET-03-X01-03,SKILL-QUALITY,质量抽检,72.0,synthetic_demo
DEMO-XEMP-PET-03-X01-03,SKILL-5S,现场整理,71.0,synthetic_demo
DEMO-XEMP-PET-03-X01-03,SKILL-MAINTENANCE,设备点检,79.0,synthetic_demo
DEMO-XEMP-PET-03-X01-04,SKILL-CORE,核心设备操作,84.0,synthetic_demo
DEMO-XEMP-PET-03-X01-04,SKILL-SAFETY,安全规程,88.0,synthetic_demo
DEMO-XEMP-PET-03-X01-04,SKILL-CHANGEOVER,产品换型,61.0,synthetic_demo
DEMO-XEMP-PET-03-X01-04,SKILL-HANDOVER,班次交接,88.0,synthetic_demo
DEMO-XEMP-PET-03-X02-01,SKILL-CORE,核心设备操作,79.0,synthetic_demo
DEMO-XEMP-PET-03-X02-01,SKILL-SAFETY,安全规程,99.0,synthetic_demo
DEMO-XEMP-PET-03-X02-01,SKILL-MAINTENANCE,设备点检,77.0,synthetic_demo
DEMO-XEMP-PET-03-X02-01,SKILL-QUALITY,质量抽检,81.0,synthetic_demo
DEMO-XEMP-PET-03-X02-02,SKILL-CORE,核心设备操作,59.0,synthetic_demo
DEMO-XEMP-PET-03-X02-02,SKILL-SAFETY,安全规程,61.0,synthetic_demo
DEMO-XEMP-PET-03-X02-02,SKILL-HANDOVER,班次交接,65.0,synthetic_demo
DEMO-XEMP-PET-03-X02-02,SKILL-5S,现场整理,69.0,synthetic_demo
DEMO-XEMP-PET-03-X02-02,SKILL-MAINTENANCE,设备点检,64.0,synthetic_demo
DEMO-XEMP-PET-03-X02-02,SKILL-QUALITY,质量抽检,97.0,synthetic_demo
DEMO-XEMP-PET-03-X02-03,SKILL-CORE,核心设备操作,89.0,synthetic_demo
DEMO-XEMP-PET-03-X02-03,SKILL-SAFETY,安全规程,65.0,synthetic_demo
DEMO-XEMP-PET-03-X02-03,SKILL-QUALITY,质量抽检,63.0,synthetic_demo
DEMO-XEMP-PET-03-X02-03,SKILL-MAINTENANCE,设备点检,75.0,synthetic_demo
DEMO-XEMP-PET-03-X02-04,SKILL-CORE,核心设备操作,58.0,synthetic_demo
DEMO-XEMP-PET-03-X02-04,SKILL-SAFETY,安全规程,91.0,synthetic_demo
DEMO-XEMP-PET-03-X02-04,SKILL-CHANGEOVER,产品换型,91.0,synthetic_demo
DEMO-XEMP-PET-03-X02-04,SKILL-HANDOVER,班次交接,77.0,synthetic_demo
DEMO-XEMP-PET-03-X02-04,SKILL-5S,现场整理,79.0,synthetic_demo
DEMO-XEMP-PET-03-X02-04,SKILL-MAINTENANCE,设备点检,59.0,synthetic_demo
DEMO-XEMP-PET-03-X02-04,SKILL-QUALITY,质量抽检,69.0,synthetic_demo
DEMO-XEMP-PET-03-X03-01,SKILL-CORE,核心设备操作,69.0,synthetic_demo
DEMO-XEMP-PET-03-X03-01,SKILL-SAFETY,安全规程,62.0,synthetic_demo
DEMO-XEMP-PET-03-X03-01,SKILL-5S,现场整理,59.0,synthetic_demo
DEMO-XEMP-PET-03-X03-02,SKILL-CORE,核心设备操作,74.0,synthetic_demo
DEMO-XEMP-PET-03-X03-02,SKILL-SAFETY,安全规程,93.0,synthetic_demo
DEMO-XEMP-PET-03-X03-02,SKILL-HANDOVER,班次交接,94.0,synthetic_demo
DEMO-XEMP-PET-03-X03-02,SKILL-AUTOMATION,自动化设备操作,85.0,synthetic_demo
DEMO-XEMP-PET-03-X03-03,SKILL-CORE,核心设备操作,100.0,synthetic_demo
DEMO-XEMP-PET-03-X03-03,SKILL-SAFETY,安全规程,67.0,synthetic_demo
DEMO-XEMP-PET-03-X03-03,SKILL-QUALITY,质量抽检,89.0,synthetic_demo
DEMO-XEMP-PET-03-X03-03,SKILL-5S,现场整理,69.0,synthetic_demo
DEMO-XEMP-PET-03-X03-03,SKILL-MAINTENANCE,设备点检,75.0,synthetic_demo
DEMO-XEMP-PET-03-X03-04,SKILL-CORE,核心设备操作,77.0,synthetic_demo
DEMO-XEMP-PET-03-X03-04,SKILL-SAFETY,安全规程,100.0,synthetic_demo
DEMO-XEMP-PET-03-X03-04,SKILL-CHANGEOVER,产品换型,75.0,synthetic_demo
DEMO-XEMP-PET-03-X03-04,SKILL-HANDOVER,班次交接,68.0,synthetic_demo
DEMO-XEMP-PET-03-X03-04,SKILL-AUTOMATION,自动化设备操作,68.0,synthetic_demo
DEMO-XEMP-PET-03-X04-01,SKILL-CORE,核心设备操作,78.0,synthetic_demo
DEMO-XEMP-PET-03-X04-01,SKILL-SAFETY,安全规程,74.0,synthetic_demo
DEMO-XEMP-PET-03-X04-01,SKILL-MAINTENANCE,设备点检,97.0,synthetic_demo
DEMO-XEMP-PET-03-X04-01,SKILL-EMERGENCY,异常应急处置,88.0,synthetic_demo
DEMO-XEMP-PET-03-X04-02,SKILL-CORE,核心设备操作,70.0,synthetic_demo
DEMO-XEMP-PET-03-X04-02,SKILL-SAFETY,安全规程,93.0,synthetic_demo
DEMO-XEMP-PET-03-X04-02,SKILL-HANDOVER,班次交接,98.0,synthetic_demo
DEMO-XEMP-PET-03-X04-02,SKILL-5S,现场整理,72.0,synthetic_demo
DEMO-XEMP-PET-03-X04-02,SKILL-MAINTENANCE,设备点检,65.0,synthetic_demo
DEMO-XEMP-PET-03-X04-03,SKILL-CORE,核心设备操作,96.0,synthetic_demo
DEMO-XEMP-PET-03-X04-03,SKILL-SAFETY,安全规程,58.0,synthetic_demo
DEMO-XEMP-PET-03-X04-03,SKILL-QUALITY,质量抽检,77.0,synthetic_demo
DEMO-XEMP-PET-03-X04-03,SKILL-MAINTENANCE,设备点检,97.0,synthetic_demo
DEMO-XEMP-PET-03-X04-03,SKILL-EMERGENCY,异常应急处置,94.0,synthetic_demo
DEMO-XEMP-PET-03-X04-04,SKILL-CORE,核心设备操作,94.0,synthetic_demo
DEMO-XEMP-PET-03-X04-04,SKILL-SAFETY,安全规程,85.0,synthetic_demo
DEMO-XEMP-PET-03-X04-04,SKILL-CHANGEOVER,产品换型,89.0,synthetic_demo
DEMO-XEMP-PET-03-X04-04,SKILL-HANDOVER,班次交接,64.0,synthetic_demo
DEMO-XEMP-PET-03-X04-04,SKILL-5S,现场整理,96.0,synthetic_demo
DEMO-XEMP-PET-03-X04-04,SKILL-MAINTENANCE,设备点检,61.0,synthetic_demo
DEMO-EMP-ASEPTIC-A-1-1,SKILL-CORE,核心设备操作,83.0,synthetic_demo
DEMO-EMP-ASEPTIC-A-1-1,SKILL-SAFETY,安全规程,89.0,synthetic_demo
DEMO-EMP-ASEPTIC-A-1-2,SKILL-CORE,核心设备操作,88.0,synthetic_demo
DEMO-EMP-ASEPTIC-A-1-2,SKILL-SAFETY,安全规程,94.0,synthetic_demo
DEMO-EMP-ASEPTIC-A-2-1,SKILL-CORE,核心设备操作,93.0,synthetic_demo
DEMO-EMP-ASEPTIC-A-2-1,SKILL-SAFETY,安全规程,99.0,synthetic_demo
DEMO-EMP-ASEPTIC-A-2-2,SKILL-CORE,核心设备操作,98.0,synthetic_demo
DEMO-EMP-ASEPTIC-A-2-2,SKILL-SAFETY,安全规程,100.0,synthetic_demo
DEMO-EMP-ASEPTIC-A-3-1,SKILL-CORE,核心设备操作,103.0,synthetic_demo
DEMO-EMP-ASEPTIC-A-3-1,SKILL-SAFETY,安全规程,100.0,synthetic_demo
DEMO-EMP-ASEPTIC-A-3-2,SKILL-CORE,核心设备操作,108.0,synthetic_demo
DEMO-EMP-ASEPTIC-A-3-2,SKILL-SAFETY,安全规程,100.0,synthetic_demo
DEMO-XEMP-ASEPTIC-A-X01-01,SKILL-CORE,核心设备操作,79.0,synthetic_demo
DEMO-XEMP-ASEPTIC-A-X01-01,SKILL-SAFETY,安全规程,82.0,synthetic_demo
DEMO-XEMP-ASEPTIC-A-X01-01,SKILL-CIP,清洗消毒,80.0,synthetic_demo
DEMO-XEMP-ASEPTIC-A-X01-01,SKILL-5S,现场整理,100.0,synthetic_demo
DEMO-XEMP-ASEPTIC-A-X01-02,SKILL-CORE,核心设备操作,60.0,synthetic_demo
DEMO-XEMP-ASEPTIC-A-X01-02,SKILL-SAFETY,安全规程,75.0,synthetic_demo
DEMO-XEMP-ASEPTIC-A-X01-02,SKILL-PACKAGING,包装作业,77.0,synthetic_demo
DEMO-XEMP-ASEPTIC-A-X01-02,SKILL-HANDOVER,班次交接,100.0,synthetic_demo
DEMO-XEMP-ASEPTIC-A-X01-03,SKILL-CORE,核心设备操作,73.0,synthetic_demo
DEMO-XEMP-ASEPTIC-A-X01-03,SKILL-SAFETY,安全规程,64.0,synthetic_demo
DEMO-XEMP-ASEPTIC-A-X01-03,SKILL-QUALITY,质量抽检,65.0,synthetic_demo
DEMO-XEMP-ASEPTIC-A-X01-03,SKILL-5S,现场整理,61.0,synthetic_demo
DEMO-XEMP-ASEPTIC-A-X01-03,SKILL-MAINTENANCE,设备点检,92.0,synthetic_demo
DEMO-XEMP-ASEPTIC-A-X01-03,SKILL-CIP,清洗消毒,86.0,synthetic_demo
DEMO-XEMP-ASEPTIC-A-X01-04,SKILL-CORE,核心设备操作,82.0,synthetic_demo
DEMO-XEMP-ASEPTIC-A-X01-04,SKILL-SAFETY,安全规程,75.0,synthetic_demo
DEMO-XEMP-ASEPTIC-A-X01-04,SKILL-MATERIAL,物料配送,71.0,synthetic_demo
DEMO-XEMP-ASEPTIC-A-X01-04,SKILL-HANDOVER,班次交接,86.0,synthetic_demo
DEMO-XEMP-ASEPTIC-A-X02-01,SKILL-CORE,核心设备操作,63.0,synthetic_demo
DEMO-XEMP-ASEPTIC-A-X02-01,SKILL-SAFETY,安全规程,58.0,synthetic_demo
DEMO-XEMP-ASEPTIC-A-X02-01,SKILL-CIP,清洗消毒,59.0,synthetic_demo
DEMO-XEMP-ASEPTIC-A-X02-01,SKILL-MAINTENANCE,设备点检,62.0,synthetic_demo
DEMO-XEMP-ASEPTIC-A-X02-01,SKILL-QUALITY,质量抽检,91.0,synthetic_demo
DEMO-XEMP-ASEPTIC-A-X02-02,SKILL-CORE,核心设备操作,66.0,synthetic_demo
DEMO-XEMP-ASEPTIC-A-X02-02,SKILL-SAFETY,安全规程,82.0,synthetic_demo
DEMO-XEMP-ASEPTIC-A-X02-02,SKILL-PACKAGING,包装作业,96.0,synthetic_demo
DEMO-XEMP-ASEPTIC-A-X02-02,SKILL-HANDOVER,班次交接,73.0,synthetic_demo
DEMO-XEMP-ASEPTIC-A-X02-02,SKILL-5S,现场整理,73.0,synthetic_demo
DEMO-XEMP-ASEPTIC-A-X02-02,SKILL-MAINTENANCE,设备点检,90.0,synthetic_demo
DEMO-XEMP-ASEPTIC-A-X02-02,SKILL-QUALITY,质量抽检,80.0,synthetic_demo
DEMO-XEMP-ASEPTIC-A-X02-03,SKILL-CORE,核心设备操作,81.0,synthetic_demo
DEMO-XEMP-ASEPTIC-A-X02-03,SKILL-SAFETY,安全规程,74.0,synthetic_demo
DEMO-XEMP-ASEPTIC-A-X02-03,SKILL-QUALITY,质量抽检,76.0,synthetic_demo
DEMO-XEMP-ASEPTIC-A-X02-03,SKILL-MAINTENANCE,设备点检,61.0,synthetic_demo
DEMO-XEMP-ASEPTIC-A-X02-03,SKILL-CIP,清洗消毒,58.0,synthetic_demo
DEMO-XEMP-ASEPTIC-A-X02-04,SKILL-CORE,核心设备操作,83.0,synthetic_demo
DEMO-XEMP-ASEPTIC-A-X02-04,SKILL-SAFETY,安全规程,59.0,synthetic_demo
DEMO-XEMP-ASEPTIC-A-X02-04,SKILL-MATERIAL,物料配送,95.0,synthetic_demo
DEMO-XEMP-ASEPTIC-A-X02-04,SKILL-HANDOVER,班次交接,96.0,synthetic_demo
DEMO-XEMP-ASEPTIC-A-X02-04,SKILL-5S,现场整理,67.0,synthetic_demo
DEMO-XEMP-ASEPTIC-A-X02-04,SKILL-MAINTENANCE,设备点检,88.0,synthetic_demo
DEMO-XEMP-ASEPTIC-A-X02-04,SKILL-QUALITY,质量抽检,64.0,synthetic_demo
DEMO-XEMP-ASEPTIC-A-X03-01,SKILL-CORE,核心设备操作,81.0,synthetic_demo
DEMO-XEMP-ASEPTIC-A-X03-01,SKILL-SAFETY,安全规程,63.0,synthetic_demo
DEMO-XEMP-ASEPTIC-A-X03-01,SKILL-CIP,清洗消毒,99.0,synthetic_demo
DEMO-XEMP-ASEPTIC-A-X03-01,SKILL-5S,现场整理,63.0,synthetic_demo
DEMO-XEMP-ASEPTIC-A-X03-02,SKILL-CORE,核心设备操作,79.0,synthetic_demo
DEMO-XEMP-ASEPTIC-A-X03-02,SKILL-SAFETY,安全规程,97.0,synthetic_demo
DEMO-XEMP-ASEPTIC-A-X03-02,SKILL-PACKAGING,包装作业,87.0,synthetic_demo
DEMO-XEMP-ASEPTIC-A-X03-02,SKILL-HANDOVER,班次交接,80.0,synthetic_demo
DEMO-XEMP-ASEPTIC-A-X03-02,SKILL-AUTOMATION,自动化设备操作,80.0,synthetic_demo
DEMO-XEMP-ASEPTIC-A-X03-03,SKILL-CORE,核心设备操作,60.0,synthetic_demo
DEMO-XEMP-ASEPTIC-A-X03-03,SKILL-SAFETY,安全规程,87.0,synthetic_demo
DEMO-XEMP-ASEPTIC-A-X03-03,SKILL-QUALITY,质量抽检,74.0,synthetic_demo
DEMO-XEMP-ASEPTIC-A-X03-03,SKILL-5S,现场整理,97.0,synthetic_demo
DEMO-XEMP-ASEPTIC-A-X03-03,SKILL-MAINTENANCE,设备点检,78.0,synthetic_demo
DEMO-XEMP-ASEPTIC-A-X03-03,SKILL-CIP,清洗消毒,58.0,synthetic_demo
DEMO-XEMP-ASEPTIC-A-X03-04,SKILL-CORE,核心设备操作,70.0,synthetic_demo
DEMO-XEMP-ASEPTIC-A-X03-04,SKILL-SAFETY,安全规程,84.0,synthetic_demo
DEMO-XEMP-ASEPTIC-A-X03-04,SKILL-MATERIAL,物料配送,60.0,synthetic_demo
DEMO-XEMP-ASEPTIC-A-X03-04,SKILL-HANDOVER,班次交接,92.0,synthetic_demo
DEMO-XEMP-ASEPTIC-A-X03-04,SKILL-AUTOMATION,自动化设备操作,75.0,synthetic_demo
DEMO-XEMP-ASEPTIC-A-X04-01,SKILL-CORE,核心设备操作,93.0,synthetic_demo
DEMO-XEMP-ASEPTIC-A-X04-01,SKILL-SAFETY,安全规程,83.0,synthetic_demo
DEMO-XEMP-ASEPTIC-A-X04-01,SKILL-CIP,清洗消毒,84.0,synthetic_demo
DEMO-XEMP-ASEPTIC-A-X04-01,SKILL-MAINTENANCE,设备点检,95.0,synthetic_demo
DEMO-XEMP-ASEPTIC-A-X04-01,SKILL-EMERGENCY,异常应急处置,97.0,synthetic_demo
DEMO-XEMP-ASEPTIC-A-X04-02,SKILL-CORE,核心设备操作,81.0,synthetic_demo
DEMO-XEMP-ASEPTIC-A-X04-02,SKILL-SAFETY,安全规程,69.0,synthetic_demo
DEMO-XEMP-ASEPTIC-A-X04-02,SKILL-PACKAGING,包装作业,71.0,synthetic_demo
DEMO-XEMP-ASEPTIC-A-X04-02,SKILL-HANDOVER,班次交接,79.0,synthetic_demo
DEMO-XEMP-ASEPTIC-A-X04-02,SKILL-5S,现场整理,83.0,synthetic_demo
DEMO-XEMP-ASEPTIC-A-X04-02,SKILL-MAINTENANCE,设备点检,78.0,synthetic_demo
DEMO-XEMP-ASEPTIC-A-X04-03,SKILL-CORE,核心设备操作,71.0,synthetic_demo
DEMO-XEMP-ASEPTIC-A-X04-03,SKILL-SAFETY,安全规程,71.0,synthetic_demo
DEMO-XEMP-ASEPTIC-A-X04-03,SKILL-QUALITY,质量抽检,87.0,synthetic_demo
DEMO-XEMP-ASEPTIC-A-X04-03,SKILL-MAINTENANCE,设备点检,78.0,synthetic_demo
DEMO-XEMP-ASEPTIC-A-X04-03,SKILL-CIP,清洗消毒,98.0,synthetic_demo
DEMO-XEMP-ASEPTIC-A-X04-03,SKILL-EMERGENCY,异常应急处置,68.0,synthetic_demo
DEMO-XEMP-ASEPTIC-A-X04-04,SKILL-CORE,核心设备操作,70.0,synthetic_demo
DEMO-XEMP-ASEPTIC-A-X04-04,SKILL-SAFETY,安全规程,75.0,synthetic_demo
DEMO-XEMP-ASEPTIC-A-X04-04,SKILL-MATERIAL,物料配送,78.0,synthetic_demo
DEMO-XEMP-ASEPTIC-A-X04-04,SKILL-HANDOVER,班次交接,60.0,synthetic_demo
DEMO-XEMP-ASEPTIC-A-X04-04,SKILL-5S,现场整理,80.0,synthetic_demo
DEMO-XEMP-ASEPTIC-A-X04-04,SKILL-MAINTENANCE,设备点检,62.0,synthetic_demo
DEMO-EMP-ASEPTIC-B-1-1,SKILL-CORE,核心设备操作,83.0,synthetic_demo
DEMO-EMP-ASEPTIC-B-1-1,SKILL-SAFETY,安全规程,89.0,synthetic_demo
DEMO-EMP-ASEPTIC-B-1-2,SKILL-CORE,核心设备操作,88.0,synthetic_demo
DEMO-EMP-ASEPTIC-B-1-2,SKILL-SAFETY,安全规程,94.0,synthetic_demo
DEMO-EMP-ASEPTIC-B-2-1,SKILL-CORE,核心设备操作,93.0,synthetic_demo
DEMO-EMP-ASEPTIC-B-2-1,SKILL-SAFETY,安全规程,99.0,synthetic_demo
DEMO-EMP-ASEPTIC-B-2-2,SKILL-CORE,核心设备操作,98.0,synthetic_demo
DEMO-EMP-ASEPTIC-B-2-2,SKILL-SAFETY,安全规程,100.0,synthetic_demo
DEMO-EMP-ASEPTIC-B-3-1,SKILL-CORE,核心设备操作,103.0,synthetic_demo
DEMO-EMP-ASEPTIC-B-3-1,SKILL-SAFETY,安全规程,100.0,synthetic_demo
DEMO-EMP-ASEPTIC-B-3-2,SKILL-CORE,核心设备操作,108.0,synthetic_demo
DEMO-EMP-ASEPTIC-B-3-2,SKILL-SAFETY,安全规程,100.0,synthetic_demo
DEMO-XEMP-ASEPTIC-B-X01-01,SKILL-CORE,核心设备操作,61.0,synthetic_demo
DEMO-XEMP-ASEPTIC-B-X01-01,SKILL-SAFETY,安全规程,63.0,synthetic_demo
DEMO-XEMP-ASEPTIC-B-X01-01,SKILL-CIP,清洗消毒,92.0,synthetic_demo
DEMO-XEMP-ASEPTIC-B-X01-01,SKILL-5S,现场整理,83.0,synthetic_demo
DEMO-XEMP-ASEPTIC-B-X01-02,SKILL-CORE,核心设备操作,75.0,synthetic_demo
DEMO-XEMP-ASEPTIC-B-X01-02,SKILL-SAFETY,安全规程,99.0,synthetic_demo
DEMO-XEMP-ASEPTIC-B-X01-02,SKILL-PACKAGING,包装作业,84.0,synthetic_demo
DEMO-XEMP-ASEPTIC-B-X01-02,SKILL-HANDOVER,班次交接,84.0,synthetic_demo
DEMO-XEMP-ASEPTIC-B-X01-03,SKILL-CORE,核心设备操作,94.0,synthetic_demo
DEMO-XEMP-ASEPTIC-B-X01-03,SKILL-SAFETY,安全规程,79.0,synthetic_demo
DEMO-XEMP-ASEPTIC-B-X01-03,SKILL-QUALITY,质量抽检,88.0,synthetic_demo
DEMO-XEMP-ASEPTIC-B-X01-03,SKILL-5S,现场整理,77.0,synthetic_demo
DEMO-XEMP-ASEPTIC-B-X01-03,SKILL-MAINTENANCE,设备点检,82.0,synthetic_demo
DEMO-XEMP-ASEPTIC-B-X01-03,SKILL-CIP,清洗消毒,84.0,synthetic_demo
DEMO-XEMP-ASEPTIC-B-X01-04,SKILL-CORE,核心设备操作,92.0,synthetic_demo
DEMO-XEMP-ASEPTIC-B-X01-04,SKILL-SAFETY,安全规程,72.0,synthetic_demo
DEMO-XEMP-ASEPTIC-B-X01-04,SKILL-MATERIAL,物料配送,81.0,synthetic_demo
DEMO-XEMP-ASEPTIC-B-X01-04,SKILL-HANDOVER,班次交接,69.0,synthetic_demo
DEMO-XEMP-ASEPTIC-B-X02-01,SKILL-CORE,核心设备操作,66.0,synthetic_demo
DEMO-XEMP-ASEPTIC-B-X02-01,SKILL-SAFETY,安全规程,70.0,synthetic_demo
DEMO-XEMP-ASEPTIC-B-X02-01,SKILL-CIP,清洗消毒,73.0,synthetic_demo
DEMO-XEMP-ASEPTIC-B-X02-01,SKILL-MAINTENANCE,设备点检,80.0,synthetic_demo
DEMO-XEMP-ASEPTIC-B-X02-01,SKILL-QUALITY,质量抽检,87.0,synthetic_demo
DEMO-XEMP-ASEPTIC-B-X02-02,SKILL-CORE,核心设备操作,81.0,synthetic_demo
DEMO-XEMP-ASEPTIC-B-X02-02,SKILL-SAFETY,安全规程,66.0,synthetic_demo
DEMO-XEMP-ASEPTIC-B-X02-02,SKILL-PACKAGING,包装作业,71.0,synthetic_demo
DEMO-XEMP-ASEPTIC-B-X02-02,SKILL-HANDOVER,班次交接,93.0,synthetic_demo
DEMO-XEMP-ASEPTIC-B-X02-02,SKILL-5S,现场整理,65.0,synthetic_demo
DEMO-XEMP-ASEPTIC-B-X02-02,SKILL-MAINTENANCE,设备点检,66.0,synthetic_demo
DEMO-XEMP-ASEPTIC-B-X02-02,SKILL-QUALITY,质量抽检,64.0,synthetic_demo
DEMO-XEMP-ASEPTIC-B-X02-03,SKILL-CORE,核心设备操作,64.0,synthetic_demo
DEMO-XEMP-ASEPTIC-B-X02-03,SKILL-SAFETY,安全规程,65.0,synthetic_demo
DEMO-XEMP-ASEPTIC-B-X02-03,SKILL-QUALITY,质量抽检,78.0,synthetic_demo
DEMO-XEMP-ASEPTIC-B-X02-03,SKILL-MAINTENANCE,设备点检,79.0,synthetic_demo
DEMO-XEMP-ASEPTIC-B-X02-03,SKILL-CIP,清洗消毒,91.0,synthetic_demo
DEMO-XEMP-ASEPTIC-B-X02-04,SKILL-CORE,核心设备操作,62.0,synthetic_demo
DEMO-XEMP-ASEPTIC-B-X02-04,SKILL-SAFETY,安全规程,74.0,synthetic_demo
DEMO-XEMP-ASEPTIC-B-X02-04,SKILL-MATERIAL,物料配送,74.0,synthetic_demo
DEMO-XEMP-ASEPTIC-B-X02-04,SKILL-HANDOVER,班次交接,74.0,synthetic_demo
DEMO-XEMP-ASEPTIC-B-X02-04,SKILL-5S,现场整理,88.0,synthetic_demo
DEMO-XEMP-ASEPTIC-B-X02-04,SKILL-MAINTENANCE,设备点检,80.0,synthetic_demo
DEMO-XEMP-ASEPTIC-B-X02-04,SKILL-QUALITY,质量抽检,89.0,synthetic_demo
DEMO-XEMP-ASEPTIC-B-X03-01,SKILL-CORE,核心设备操作,84.0,synthetic_demo
DEMO-XEMP-ASEPTIC-B-X03-01,SKILL-SAFETY,安全规程,93.0,synthetic_demo
DEMO-XEMP-ASEPTIC-B-X03-01,SKILL-CIP,清洗消毒,90.0,synthetic_demo
DEMO-XEMP-ASEPTIC-B-X03-01,SKILL-5S,现场整理,91.0,synthetic_demo
DEMO-XEMP-ASEPTIC-B-X03-02,SKILL-CORE,核心设备操作,77.0,synthetic_demo
DEMO-XEMP-ASEPTIC-B-X03-02,SKILL-SAFETY,安全规程,59.0,synthetic_demo
DEMO-XEMP-ASEPTIC-B-X03-02,SKILL-PACKAGING,包装作业,92.0,synthetic_demo
DEMO-XEMP-ASEPTIC-B-X03-02,SKILL-HANDOVER,班次交接,90.0,synthetic_demo
DEMO-XEMP-ASEPTIC-B-X03-02,SKILL-AUTOMATION,自动化设备操作,85.0,synthetic_demo
DEMO-XEMP-ASEPTIC-B-X03-03,SKILL-CORE,核心设备操作,69.0,synthetic_demo
DEMO-XEMP-ASEPTIC-B-X03-03,SKILL-SAFETY,安全规程,88.0,synthetic_demo
DEMO-XEMP-ASEPTIC-B-X03-03,SKILL-QUALITY,质量抽检,68.0,synthetic_demo
DEMO-XEMP-ASEPTIC-B-X03-03,SKILL-5S,现场整理,100.0,synthetic_demo
DEMO-XEMP-ASEPTIC-B-X03-03,SKILL-MAINTENANCE,设备点检,83.0,synthetic_demo
DEMO-XEMP-ASEPTIC-B-X03-03,SKILL-CIP,清洗消毒,94.0,synthetic_demo
DEMO-XEMP-ASEPTIC-B-X03-04,SKILL-CORE,核心设备操作,77.0,synthetic_demo
DEMO-XEMP-ASEPTIC-B-X03-04,SKILL-SAFETY,安全规程,59.0,synthetic_demo
DEMO-XEMP-ASEPTIC-B-X03-04,SKILL-MATERIAL,物料配送,63.0,synthetic_demo
DEMO-XEMP-ASEPTIC-B-X03-04,SKILL-HANDOVER,班次交接,86.0,synthetic_demo
DEMO-XEMP-ASEPTIC-B-X03-04,SKILL-AUTOMATION,自动化设备操作,65.0,synthetic_demo
DEMO-XEMP-ASEPTIC-B-X04-01,SKILL-CORE,核心设备操作,98.0,synthetic_demo
DEMO-XEMP-ASEPTIC-B-X04-01,SKILL-SAFETY,安全规程,91.0,synthetic_demo
DEMO-XEMP-ASEPTIC-B-X04-01,SKILL-CIP,清洗消毒,67.0,synthetic_demo
DEMO-XEMP-ASEPTIC-B-X04-01,SKILL-MAINTENANCE,设备点检,60.0,synthetic_demo
DEMO-XEMP-ASEPTIC-B-X04-01,SKILL-EMERGENCY,异常应急处置,89.0,synthetic_demo
DEMO-XEMP-ASEPTIC-B-X04-02,SKILL-CORE,核心设备操作,73.0,synthetic_demo
DEMO-XEMP-ASEPTIC-B-X04-02,SKILL-SAFETY,安全规程,99.0,synthetic_demo
DEMO-XEMP-ASEPTIC-B-X04-02,SKILL-PACKAGING,包装作业,67.0,synthetic_demo
DEMO-XEMP-ASEPTIC-B-X04-02,SKILL-HANDOVER,班次交接,80.0,synthetic_demo
DEMO-XEMP-ASEPTIC-B-X04-02,SKILL-5S,现场整理,59.0,synthetic_demo
DEMO-XEMP-ASEPTIC-B-X04-02,SKILL-MAINTENANCE,设备点检,76.0,synthetic_demo
DEMO-XEMP-ASEPTIC-B-X04-03,SKILL-CORE,核心设备操作,99.0,synthetic_demo
DEMO-XEMP-ASEPTIC-B-X04-03,SKILL-SAFETY,安全规程,72.0,synthetic_demo
DEMO-XEMP-ASEPTIC-B-X04-03,SKILL-QUALITY,质量抽检,61.0,synthetic_demo
DEMO-XEMP-ASEPTIC-B-X04-03,SKILL-MAINTENANCE,设备点检,94.0,synthetic_demo
DEMO-XEMP-ASEPTIC-B-X04-03,SKILL-CIP,清洗消毒,79.0,synthetic_demo
DEMO-XEMP-ASEPTIC-B-X04-03,SKILL-EMERGENCY,异常应急处置,58.0,synthetic_demo
DEMO-XEMP-ASEPTIC-B-X04-04,SKILL-CORE,核心设备操作,83.0,synthetic_demo
DEMO-XEMP-ASEPTIC-B-X04-04,SKILL-SAFETY,安全规程,58.0,synthetic_demo
DEMO-XEMP-ASEPTIC-B-X04-04,SKILL-MATERIAL,物料配送,87.0,synthetic_demo
DEMO-XEMP-ASEPTIC-B-X04-04,SKILL-HANDOVER,班次交接,83.0,synthetic_demo
DEMO-XEMP-ASEPTIC-B-X04-04,SKILL-5S,现场整理,77.0,synthetic_demo
DEMO-XEMP-ASEPTIC-B-X04-04,SKILL-MAINTENANCE,设备点检,89.0,synthetic_demo
DEMO-EMP-ASEPTIC-C-1-1,SKILL-CORE,核心设备操作,83.0,synthetic_demo
DEMO-EMP-ASEPTIC-C-1-1,SKILL-SAFETY,安全规程,89.0,synthetic_demo
DEMO-EMP-ASEPTIC-C-1-2,SKILL-CORE,核心设备操作,88.0,synthetic_demo
DEMO-EMP-ASEPTIC-C-1-2,SKILL-SAFETY,安全规程,94.0,synthetic_demo
DEMO-EMP-ASEPTIC-C-2-1,SKILL-CORE,核心设备操作,93.0,synthetic_demo
DEMO-EMP-ASEPTIC-C-2-1,SKILL-SAFETY,安全规程,99.0,synthetic_demo
DEMO-EMP-ASEPTIC-C-2-2,SKILL-CORE,核心设备操作,98.0,synthetic_demo
DEMO-EMP-ASEPTIC-C-2-2,SKILL-SAFETY,安全规程,100.0,synthetic_demo
DEMO-EMP-ASEPTIC-C-3-1,SKILL-CORE,核心设备操作,103.0,synthetic_demo
DEMO-EMP-ASEPTIC-C-3-1,SKILL-SAFETY,安全规程,100.0,synthetic_demo
DEMO-EMP-ASEPTIC-C-3-2,SKILL-CORE,核心设备操作,108.0,synthetic_demo
DEMO-EMP-ASEPTIC-C-3-2,SKILL-SAFETY,安全规程,100.0,synthetic_demo
DEMO-XEMP-ASEPTIC-C-X01-01,SKILL-CORE,核心设备操作,86.0,synthetic_demo
DEMO-XEMP-ASEPTIC-C-X01-01,SKILL-SAFETY,安全规程,91.0,synthetic_demo
DEMO-XEMP-ASEPTIC-C-X01-01,SKILL-CIP,清洗消毒,83.0,synthetic_demo
DEMO-XEMP-ASEPTIC-C-X01-01,SKILL-5S,现场整理,99.0,synthetic_demo
DEMO-XEMP-ASEPTIC-C-X01-02,SKILL-CORE,核心设备操作,85.0,synthetic_demo
DEMO-XEMP-ASEPTIC-C-X01-02,SKILL-SAFETY,安全规程,87.0,synthetic_demo
DEMO-XEMP-ASEPTIC-C-X01-02,SKILL-PACKAGING,包装作业,97.0,synthetic_demo
DEMO-XEMP-ASEPTIC-C-X01-02,SKILL-HANDOVER,班次交接,77.0,synthetic_demo
DEMO-XEMP-ASEPTIC-C-X01-03,SKILL-CORE,核心设备操作,99.0,synthetic_demo
DEMO-XEMP-ASEPTIC-C-X01-03,SKILL-SAFETY,安全规程,61.0,synthetic_demo
DEMO-XEMP-ASEPTIC-C-X01-03,SKILL-QUALITY,质量抽检,79.0,synthetic_demo
DEMO-XEMP-ASEPTIC-C-X01-03,SKILL-5S,现场整理,87.0,synthetic_demo
DEMO-XEMP-ASEPTIC-C-X01-03,SKILL-MAINTENANCE,设备点检,78.0,synthetic_demo
DEMO-XEMP-ASEPTIC-C-X01-03,SKILL-CIP,清洗消毒,72.0,synthetic_demo
DEMO-XEMP-ASEPTIC-C-X01-04,SKILL-CORE,核心设备操作,99.0,synthetic_demo
DEMO-XEMP-ASEPTIC-C-X01-04,SKILL-SAFETY,安全规程,78.0,synthetic_demo
DEMO-XEMP-ASEPTIC-C-X01-04,SKILL-MATERIAL,物料配送,63.0,synthetic_demo
DEMO-XEMP-ASEPTIC-C-X01-04,SKILL-HANDOVER,班次交接,97.0,synthetic_demo
DEMO-XEMP-ASEPTIC-C-X02-01,SKILL-CORE,核心设备操作,66.0,synthetic_demo
DEMO-XEMP-ASEPTIC-C-X02-01,SKILL-SAFETY,安全规程,58.0,synthetic_demo
DEMO-XEMP-ASEPTIC-C-X02-01,SKILL-CIP,清洗消毒,71.0,synthetic_demo
DEMO-XEMP-ASEPTIC-C-X02-01,SKILL-MAINTENANCE,设备点检,76.0,synthetic_demo
DEMO-XEMP-ASEPTIC-C-X02-01,SKILL-QUALITY,质量抽检,69.0,synthetic_demo
DEMO-XEMP-ASEPTIC-C-X02-02,SKILL-CORE,核心设备操作,59.0,synthetic_demo
DEMO-XEMP-ASEPTIC-C-X02-02,SKILL-SAFETY,安全规程,89.0,synthetic_demo
DEMO-XEMP-ASEPTIC-C-X02-02,SKILL-PACKAGING,包装作业,89.0,synthetic_demo
DEMO-XEMP-ASEPTIC-C-X02-02,SKILL-HANDOVER,班次交接,75.0,synthetic_demo
DEMO-XEMP-ASEPTIC-C-X02-02,SKILL-5S,现场整理,58.0,synthetic_demo
DEMO-XEMP-ASEPTIC-C-X02-02,SKILL-MAINTENANCE,设备点检,93.0,synthetic_demo
DEMO-XEMP-ASEPTIC-C-X02-02,SKILL-QUALITY,质量抽检,58.0,synthetic_demo
DEMO-XEMP-ASEPTIC-C-X02-03,SKILL-CORE,核心设备操作,82.0,synthetic_demo
DEMO-XEMP-ASEPTIC-C-X02-03,SKILL-SAFETY,安全规程,82.0,synthetic_demo
DEMO-XEMP-ASEPTIC-C-X02-03,SKILL-QUALITY,质量抽检,63.0,synthetic_demo
DEMO-XEMP-ASEPTIC-C-X02-03,SKILL-MAINTENANCE,设备点检,86.0,synthetic_demo
DEMO-XEMP-ASEPTIC-C-X02-03,SKILL-CIP,清洗消毒,88.0,synthetic_demo
DEMO-XEMP-ASEPTIC-C-X02-04,SKILL-CORE,核心设备操作,88.0,synthetic_demo
DEMO-XEMP-ASEPTIC-C-X02-04,SKILL-SAFETY,安全规程,97.0,synthetic_demo
DEMO-XEMP-ASEPTIC-C-X02-04,SKILL-MATERIAL,物料配送,83.0,synthetic_demo
DEMO-XEMP-ASEPTIC-C-X02-04,SKILL-HANDOVER,班次交接,98.0,synthetic_demo
DEMO-XEMP-ASEPTIC-C-X02-04,SKILL-5S,现场整理,85.0,synthetic_demo
DEMO-XEMP-ASEPTIC-C-X02-04,SKILL-MAINTENANCE,设备点检,83.0,synthetic_demo
DEMO-XEMP-ASEPTIC-C-X02-04,SKILL-QUALITY,质量抽检,93.0,synthetic_demo
DEMO-XEMP-ASEPTIC-C-X03-01,SKILL-CORE,核心设备操作,81.0,synthetic_demo
DEMO-XEMP-ASEPTIC-C-X03-01,SKILL-SAFETY,安全规程,76.0,synthetic_demo
DEMO-XEMP-ASEPTIC-C-X03-01,SKILL-CIP,清洗消毒,86.0,synthetic_demo
DEMO-XEMP-ASEPTIC-C-X03-01,SKILL-5S,现场整理,60.0,synthetic_demo
DEMO-XEMP-ASEPTIC-C-X03-02,SKILL-CORE,核心设备操作,60.0,synthetic_demo
DEMO-XEMP-ASEPTIC-C-X03-02,SKILL-SAFETY,安全规程,82.0,synthetic_demo
DEMO-XEMP-ASEPTIC-C-X03-02,SKILL-PACKAGING,包装作业,79.0,synthetic_demo
DEMO-XEMP-ASEPTIC-C-X03-02,SKILL-HANDOVER,班次交接,75.0,synthetic_demo
DEMO-XEMP-ASEPTIC-C-X03-02,SKILL-AUTOMATION,自动化设备操作,60.0,synthetic_demo
DEMO-XEMP-ASEPTIC-C-X03-03,SKILL-CORE,核心设备操作,64.0,synthetic_demo
DEMO-XEMP-ASEPTIC-C-X03-03,SKILL-SAFETY,安全规程,69.0,synthetic_demo
DEMO-XEMP-ASEPTIC-C-X03-03,SKILL-QUALITY,质量抽检,66.0,synthetic_demo
DEMO-XEMP-ASEPTIC-C-X03-03,SKILL-5S,现场整理,74.0,synthetic_demo
DEMO-XEMP-ASEPTIC-C-X03-03,SKILL-MAINTENANCE,设备点检,60.0,synthetic_demo
DEMO-XEMP-ASEPTIC-C-X03-03,SKILL-CIP,清洗消毒,81.0,synthetic_demo
DEMO-XEMP-ASEPTIC-C-X03-04,SKILL-CORE,核心设备操作,98.0,synthetic_demo
DEMO-XEMP-ASEPTIC-C-X03-04,SKILL-SAFETY,安全规程,75.0,synthetic_demo
DEMO-XEMP-ASEPTIC-C-X03-04,SKILL-MATERIAL,物料配送,100.0,synthetic_demo
DEMO-XEMP-ASEPTIC-C-X03-04,SKILL-HANDOVER,班次交接,68.0,synthetic_demo
DEMO-XEMP-ASEPTIC-C-X03-04,SKILL-AUTOMATION,自动化设备操作,60.0,synthetic_demo
DEMO-XEMP-ASEPTIC-C-X04-01,SKILL-CORE,核心设备操作,67.0,synthetic_demo
DEMO-XEMP-ASEPTIC-C-X04-01,SKILL-SAFETY,安全规程,75.0,synthetic_demo
DEMO-XEMP-ASEPTIC-C-X04-01,SKILL-CIP,清洗消毒,99.0,synthetic_demo
DEMO-XEMP-ASEPTIC-C-X04-01,SKILL-MAINTENANCE,设备点检,88.0,synthetic_demo
DEMO-XEMP-ASEPTIC-C-X04-01,SKILL-EMERGENCY,异常应急处置,95.0,synthetic_demo
DEMO-XEMP-ASEPTIC-C-X04-02,SKILL-CORE,核心设备操作,71.0,synthetic_demo
DEMO-XEMP-ASEPTIC-C-X04-02,SKILL-SAFETY,安全规程,64.0,synthetic_demo
DEMO-XEMP-ASEPTIC-C-X04-02,SKILL-PACKAGING,包装作业,89.0,synthetic_demo
DEMO-XEMP-ASEPTIC-C-X04-02,SKILL-HANDOVER,班次交接,87.0,synthetic_demo
DEMO-XEMP-ASEPTIC-C-X04-02,SKILL-5S,现场整理,69.0,synthetic_demo
DEMO-XEMP-ASEPTIC-C-X04-02,SKILL-MAINTENANCE,设备点检,84.0,synthetic_demo
DEMO-XEMP-ASEPTIC-C-X04-03,SKILL-CORE,核心设备操作,72.0,synthetic_demo
DEMO-XEMP-ASEPTIC-C-X04-03,SKILL-SAFETY,安全规程,70.0,synthetic_demo
DEMO-XEMP-ASEPTIC-C-X04-03,SKILL-QUALITY,质量抽检,61.0,synthetic_demo
DEMO-XEMP-ASEPTIC-C-X04-03,SKILL-MAINTENANCE,设备点检,83.0,synthetic_demo
DEMO-XEMP-ASEPTIC-C-X04-03,SKILL-CIP,清洗消毒,93.0,synthetic_demo
DEMO-XEMP-ASEPTIC-C-X04-03,SKILL-EMERGENCY,异常应急处置,79.0,synthetic_demo
DEMO-XEMP-ASEPTIC-C-X04-04,SKILL-CORE,核心设备操作,72.0,synthetic_demo
DEMO-XEMP-ASEPTIC-C-X04-04,SKILL-SAFETY,安全规程,100.0,synthetic_demo
DEMO-XEMP-ASEPTIC-C-X04-04,SKILL-MATERIAL,物料配送,95.0,synthetic_demo
DEMO-XEMP-ASEPTIC-C-X04-04,SKILL-HANDOVER,班次交接,95.0,synthetic_demo
DEMO-XEMP-ASEPTIC-C-X04-04,SKILL-5S,现场整理,90.0,synthetic_demo
DEMO-XEMP-ASEPTIC-C-X04-04,SKILL-MAINTENANCE,设备点检,61.0,synthetic_demo
