employee_id,name,factory_code,factory_name,line_id,line_name,team_id,position_id,position_name,employment_status,seniority_years,collaboration_score,night_eligible,source_type
DEMO-EMP-PET-01-1-1,王晨曦,HB,河北厂,PET-01,PET-01,DEMO-TEAM-PET-01-1,POS-FILL,灌注机岗,在岗,4,80.0,True,synthetic_demo
DEMO-EMP-PET-01-1-2,李明轩,HB,河北厂,PET-01,PET-01,DEMO-TEAM-PET-01-1,POS-BLOW,吹贴机岗,在岗,5,84.0,True,synthetic_demo
DEMO-EMP-PET-01-2-1,张语桐,HB,河北厂,PET-01,PET-01,DEMO-TEAM-PET-01-2,POS-FILL,灌注机岗,在岗,6,84.0,True,synthetic_demo
DEMO-EMP-PET-01-2-2,刘昱辰,HB,河北厂,PET-01,PET-01,DEMO-TEAM-PET-01-2,POS-BLOW,吹贴机岗,在岗,7,88.0,True,synthetic_demo
DEMO-EMP-PET-01-3-1,陈思远,HB,河北厂,PET-01,PET-01,DEMO-TEAM-PET-01-3,POS-FILL,灌注机岗,在岗,8,88.0,True,synthetic_demo
DEMO-EMP-PET-01-3-2,杨可欣,HB,河北厂,PET-01,PET-01,DEMO-TEAM-PET-01-3,POS-BLOW,吹贴机岗,在岗,9,92.0,True,synthetic_demo
DEMO-XEMP-PET-01-X01-01,王志强,HB,河北厂,PET-01,PET-01,DEMO-TEAM-PET-01-X01,POS-FILL,灌注机岗,在岗,5,61.0,True,synthetic_demo
DEMO-XEMP-PET-01-X01-02,王建华,HB,河北厂,PET-01,PET-01,DEMO-TEAM-PET-01-X01,POS-BLOW,吹贴机岗,在岗,11,71.0,True,synthetic_demo
DEMO-XEMP-PET-01-X01-03,王明远,HB,河北厂,PET-01,PET-01,DEMO-TEAM-PET-01-X01,POS-QUALITY,质量抽检岗,在岗,5,85.0,True,synthetic_demo
DEMO-XEMP-PET-01-X01-04,王燕玲,HB,河北厂,PET-01,PET-01,DEMO-TEAM-PET-01-X01,POS-CHANGEOVER,换型操作岗,在岗,13,64.0,True,synthetic_demo
DEMO-XEMP-PET-01-X02-01,王晓峰,HB,河北厂,PET-01,PET-01,DEMO-TEAM-PET-01-X02,POS-FILL,灌注机岗,在岗,15,84.0,True,synthetic_demo
DEMO-XEMP-PET-01-X02-02,王佳怡,HB,河北厂,PET-01,PET-01,DEMO-TEAM-PET-01-X02,POS-BLOW,吹贴机岗,在岗,4,78.0,True,synthetic_demo
DEMO-XEMP-PET-01-X02-03,王浩然,HB,河北厂,PET-01,PET-01,DEMO-TEAM-PET-01-X02,POS-QUALITY,质量抽检岗,在岗,1,74.0,True,synthetic_demo
DEMO-XEMP-PET-01-X02-04,王雨欣,HB,河北厂,PET-01,PET-01,DEMO-TEAM-PET-01-X02,POS-CHANGEOVER,换型操作岗,在岗,13,63.0,True,synthetic_demo
DEMO-XEMP-PET-01-X03-01,李志强,HB,河北厂,PET-01,PET-01,DEMO-TEAM-PET-01-X03,POS-FILL,灌注机岗,在岗,4,69.0,True,synthetic_demo
DEMO-XEMP-PET-01-X03-02,李建华,HB,河北厂,PET-01,PET-01,DEMO-TEAM-PET-01-X03,POS-BLOW,吹贴机岗,在岗,8,78.0,True,synthetic_demo
DEMO-XEMP-PET-01-X03-03,李明远,HB,河北厂,PET-01,PET-01,DEMO-TEAM-PET-01-X03,POS-QUALITY,质量抽检岗,在岗,14,71.0,True,synthetic_demo
DEMO-XEMP-PET-01-X03-04,李燕玲,HB,河北厂,PET-01,PET-01,DEMO-TEAM-PET-01-X03,POS-CHANGEOVER,换型操作岗,在岗,2,85.0,True,synthetic_demo
DEMO-XEMP-PET-01-X04-01,李晓峰,HB,河北厂,PET-01,PET-01,DEMO-TEAM-PET-01-X04,POS-FILL,灌注机岗,在岗,1,94.0,True,synthetic_demo
DEMO-XEMP-PET-01-X04-02,李佳怡,HB,河北厂,PET-01,PET-01,DEMO-TEAM-PET-01-X04,POS-BLOW,吹贴机岗,在岗,1,64.0,True,synthetic_demo
DEMO-XEMP-PET-01-X04-03,李浩然,HB,河北厂,PET-01,PET-01,DEMO-TEAM-PET-01-X04,POS-QUALITY,质量抽检岗,在岗,13,74.0,True,synthetic_demo
DEMO-XEMP-PET-01-X04-04,李雨欣,HB,河北厂,PET-01,PET-01,DEMO-TEAM-PET-01-X04,POS-CHANGEOVER,换型操作岗,在岗,4,74.0,True,synthetic_demo
DEMO-EMP-PET-02-1-1,赵一鸣,HB,河北厂,PET-02,PET-02,DEMO-TEAM-PET-02-1,POS-FILL,灌注机岗,在岗,10,80.0,True,synthetic_demo
DEMO-EMP-PET-02-1-2,黄梓涵,HB,河北厂,PET-02,PET-02,DEMO-TEAM-PET-02-1,POS-BLOW,吹贴机岗,在岗,11,84.0,True,synthetic_demo
DEMO-EMP-PET-02-2-1,周雨桐,HB,河北厂,PET-02,PET-02,DEMO-TEAM-PET-02-2,POS-FILL,灌注机岗,在岗,12,84.0,True,synthetic_demo
DEMO-EMP-PET-02-2-2,吴嘉言,HB,河北厂,PET-02,PET-02,DEMO-TEAM-PET-02-2,POS-BLOW,吹贴机岗,在岗,13,88.0,True,synthetic_demo
DEMO-EMP-PET-02-3-1,徐子墨,HB,河北厂,PET-02,PET-02,DEMO-TEAM-PET-02-3,POS-FILL,灌注机岗,在岗,4,88.0,True,synthetic_demo
DEMO-EMP-PET-02-3-2,孙清妍,HB,河北厂,PET-02,PET-02,DEMO-TEAM-PET-02-3,POS-BLOW,吹贴机岗,在岗,5,92.0,True,synthetic_demo
DEMO-XEMP-PET-02-X01-01,张志强,HB,河北厂,PET-02,PET-02,DEMO-TEAM-PET-02-X01,POS-FILL,灌注机岗,在岗,6,90.0,True,synthetic_demo
DEMO-XEMP-PET-02-X01-02,张建华,HB,河北厂,PET-02,PET-02,DEMO-TEAM-PET-02-X01,POS-BLOW,吹贴机岗,在岗,10,77.0,True,synthetic_demo
DEMO-XEMP-PET-02-X01-03,张明远,HB,河北厂,PET-02,PET-02,DEMO-TEAM-PET-02-X01,POS-QUALITY,质量抽检岗,在岗,9,76.0,True,synthetic_demo
DEMO-XEMP-PET-02-X01-04,张燕玲,HB,河北厂,PET-02,PET-02,DEMO-TEAM-PET-02-X01,POS-CHANGEOVER,换型操作岗,在岗,2,58.0,False,synthetic_demo
DEMO-XEMP-PET-02-X02-01,张晓峰,HB,河北厂,PET-02,PET-02,DEMO-TEAM-PET-02-X02,POS-FILL,灌注机岗,在岗,3,96.0,True,synthetic_demo
DEMO-XEMP-PET-02-X02-02,张佳怡,HB,河北厂,PET-02,PET-02,DEMO-TEAM-PET-02-X02,POS-BLOW,吹贴机岗,在岗,3,71.0,True,synthetic_demo
DEMO-XEMP-PET-02-X02-03,张浩然,HB,河北厂,PET-02,PET-02,DEMO-TEAM-PET-02-X02,POS-QUALITY,质量抽检岗,在岗,5,62.0,True,synthetic_demo
DEMO-XEMP-PET-02-X02-04,张雨欣,HB,河北厂,PET-02,PET-02,DEMO-TEAM-PET-02-X02,POS-CHANGEOVER,换型操作岗,在岗,4,91.0,False,synthetic_demo
DEMO-XEMP-PET-02-X03-01,刘志强,HB,河北厂,PET-02,PET-02,DEMO-TEAM-PET-02-X03,POS-FILL,灌注机岗,在岗,6,75.0,True,synthetic_demo
DEMO-XEMP-PET-02-X03-02,刘建华,HB,河北厂,PET-02,PET-02,DEMO-TEAM-PET-02-X03,POS-BLOW,吹贴机岗,在岗,4,72.0,True,synthetic_demo
DEMO-XEMP-PET-02-X03-03,刘明远,HB,河北厂,PET-02,PET-02,DEMO-TEAM-PET-02-X03,POS-QUALITY,质量抽检岗,在岗,4,77.0,True,synthetic_demo
DEMO-XEMP-PET-02-X03-04,刘燕玲,HB,河北厂,PET-02,PET-02,DEMO-TEAM-PET-02-X03,POS-CHANGEOVER,换型操作岗,在岗,13,79.0,False,synthetic_demo
DEMO-XEMP-PET-02-X04-01,刘晓峰,HB,河北厂,PET-02,PET-02,DEMO-TEAM-PET-02-X04,POS-FILL,灌注机岗,在岗,4,85.0,True,synthetic_demo
DEMO-XEMP-PET-02-X04-02,刘佳怡,HB,河北厂,PET-02,PET-02,DEMO-TEAM-PET-02-X04,POS-BLOW,吹贴机岗,在岗,9,87.0,True,synthetic_demo
DEMO-XEMP-PET-02-X04-03,刘浩然,HB,河北厂,PET-02,PET-02,DEMO-TEAM-PET-02-X04,POS-QUALITY,质量抽检岗,在岗,8,68.0,True,synthetic_demo
DEMO-XEMP-PET-02-X04-04,刘雨欣,HB,河北厂,PET-02,PET-02,DEMO-TEAM-PET-02-X04,POS-CHANGEOVER,换型操作岗,在岗,6,75.0,False,synthetic_demo
DEMO-EMP-PET-03-1-1,胡宇航,HB,河北厂,PET-03,PET-03,DEMO-TEAM-PET-03-1,POS-FILL,灌注机岗,在岗,6,80.0,True,synthetic_demo
DEMO-EMP-PET-03-1-2,朱若琳,HB,河北厂,PET-03,PET-03,DEMO-TEAM-PET-03-1,POS-BLOW,吹贴机岗,在岗,7,84.0,True,synthetic_demo
DEMO-EMP-PET-03-2-1,高逸凡,HB,河北厂,PET-03,PET-03,DEMO-TEAM-PET-03-2,POS-FILL,灌注机岗,在岗,8,84.0,True,synthetic_demo
DEMO-EMP-PET-03-2-2,林婉清,HB,河北厂,PET-03,PET-03,DEMO-TEAM-PET-03-2,POS-BLOW,吹贴机岗,在岗,9,88.0,True,synthetic_demo
DEMO-EMP-PET-03-3-1,何承泽,HB,河北厂,PET-03,PET-03,DEMO-TEAM-PET-03-3,POS-FILL,灌注机岗,在岗,10,88.0,True,synthetic_demo
DEMO-EMP-PET-03-3-2,郭欣妍,HB,河北厂,PET-03,PET-03,DEMO-TEAM-PET-03-3,POS-BLOW,吹贴机岗,在岗,11,92.0,True,synthetic_demo
DEMO-XEMP-PET-03-X01-01,陈志强,HB,河北厂,PET-03,PET-03,DEMO-TEAM-PET-03-X01,POS-FILL,灌注机岗,在岗,4,68.0,True,synthetic_demo
DEMO-XEMP-PET-03-X01-02,陈建华,HB,河北厂,PET-03,PET-03,DEMO-TEAM-PET-03-X01,POS-BLOW,吹贴机岗,在岗,3,69.0,True,synthetic_demo
DEMO-XEMP-PET-03-X01-03,陈明远,HB,河北厂,PET-03,PET-03,DEMO-TEAM-PET-03-X01,POS-QUALITY,质量抽检岗,在岗,15,62.0,False,synthetic_demo
DEMO-XEMP-PET-03-X01-04,陈燕玲,HB,河北厂,PET-03,PET-03,DEMO-TEAM-PET-03-X01,POS-CHANGEOVER,换型操作岗,在岗,11,82.0,True,synthetic_demo
DEMO-XEMP-PET-03-X02-01,陈晓峰,HB,河北厂,PET-03,PET-03,DEMO-TEAM-PET-03-X02,POS-FILL,灌注机岗,在岗,12,72.0,True,synthetic_demo
DEMO-XEMP-PET-03-X02-02,陈佳怡,HB,河北厂,PET-03,PET-03,DEMO-TEAM-PET-03-X02,POS-BLOW,吹贴机岗,在岗,2,72.0,True,synthetic_demo
DEMO-XEMP-PET-03-X02-03,陈浩然,HB,河北厂,PET-03,PET-03,DEMO-TEAM-PET-03-X02,POS-QUALITY,质量抽检岗,在岗,7,75.0,False,synthetic_demo
DEMO-XEMP-PET-03-X02-04,陈雨欣,HB,河北厂,PET-03,PET-03,DEMO-TEAM-PET-03-X02,POS-CHANGEOVER,换型操作岗,在岗,8,66.0,True,synthetic_demo
DEMO-XEMP-PET-03-X03-01,杨志强,HB,河北厂,PET-03,PET-03,DEMO-TEAM-PET-03-X03,POS-FILL,灌注机岗,在岗,1,76.0,True,synthetic_demo
DEMO-XEMP-PET-03-X03-02,杨建华,HB,河北厂,PET-03,PET-03,DEMO-TEAM-PET-03-X03,POS-BLOW,吹贴机岗,在岗,8,77.0,True,synthetic_demo
DEMO-XEMP-PET-03-X03-03,杨明远,HB,河北厂,PET-03,PET-03,DEMO-TEAM-PET-03-X03,POS-QUALITY,质量抽检岗,在岗,6,96.0,False,synthetic_demo
DEMO-XEMP-PET-03-X03-04,杨燕玲,HB,河北厂,PET-03,PET-03,DEMO-TEAM-PET-03-X03,POS-CHANGEOVER,换型操作岗,在岗,8,80.0,True,synthetic_demo
DEMO-XEMP-PET-03-X04-01,杨晓峰,HB,河北厂,PET-03,PET-03,DEMO-TEAM-PET-03-X04,POS-FILL,灌注机岗,在岗,6,78.0,True,synthetic_demo
DEMO-XEMP-PET-03-X04-02,杨佳怡,HB,河北厂,PET-03,PET-03,DEMO-TEAM-PET-03-X04,POS-BLOW,吹贴机岗,在岗,7,81.0,True,synthetic_demo
DEMO-XEMP-PET-03-X04-03,杨浩然,HB,河北厂,PET-03,PET-03,DEMO-TEAM-PET-03-X04,POS-QUALITY,质量抽检岗,在岗,5,75.0,False,synthetic_demo
DEMO-XEMP-PET-03-X04-04,杨雨欣,HB,河北厂,PET-03,PET-03,DEMO-TEAM-PET-03-X04,POS-CHANGEOVER,换型操作岗,在岗,4,61.0,True,synthetic_demo
DEMO-EMP-ASEPTIC-A-1-1,马嘉树,SX,陕西厂,ASEPTIC-A,无菌线-A,DEMO-TEAM-ASEPTIC-A-1,POS-ASEPTIC,无菌操作岗,在岗,12,80.0,True,synthetic_demo
DEMO-EMP-ASEPTIC-A-1-2,罗心怡,SX,陕西厂,ASEPTIC-A,无菌线-A,DEMO-TEAM-ASEPTIC-A-1,POS-PACK,塑包机岗,在岗,13,84.0,True,synthetic_demo
DEMO-EMP-ASEPTIC-A-2-1,梁景行,SX,陕西厂,ASEPTIC-A,无菌线-A,DEMO-TEAM-ASEPTIC-A-2,POS-ASEPTIC,无菌操作岗,在岗,4,84.0,True,synthetic_demo
DEMO-EMP-ASEPTIC-A-2-2,宋知夏,SX,陕西厂,ASEPTIC-A,无菌线-A,DEMO-TEAM-ASEPTIC-A-2,POS-PACK,塑包机岗,在岗,5,88.0,True,synthetic_demo
DEMO-EMP-ASEPTIC-A-3-1,郑博文,SX,陕西厂,ASEPTIC-A,无菌线-A,DEMO-TEAM-ASEPTIC-A-3,POS-ASEPTIC,无菌操作岗,在岗,6,88.0,True,synthetic_demo
DEMO-EMP-ASEPTIC-A-3-2,谢安琪,SX,陕西厂,ASEPTIC-A,无菌线-A,DEMO-TEAM-ASEPTIC-A-3,POS-PACK,塑包机岗,在岗,7,92.0,True,synthetic_demo
DEMO-XEMP-ASEPTIC-A-X01-01,赵志强,SX,陕西厂,ASEPTIC-A,无菌线-A,DEMO-TEAM-ASEPTIC-A-X01,POS-ASEPTIC,无菌操作岗,在岗,14,83.0,True,synthetic_demo
DEMO-XEMP-ASEPTIC-A-X01-02,赵建华,SX,陕西厂,ASEPTIC-A,无菌线-A,DEMO-TEAM-ASEPTIC-A-X01,POS-PACK,塑包机岗,在岗,7,65.0,False,synthetic_demo
DEMO-XEMP-ASEPTIC-A-X01-03,赵明远,SX,陕西厂,ASEPTIC-A,无菌线-A,DEMO-TEAM-ASEPTIC-A-X01,POS-QUALITY,质量抽检岗,在岗,6,83.0,True,synthetic_demo
DEMO-XEMP-ASEPTIC-A-X01-04,赵燕玲,SX,陕西厂,ASEPTIC-A,无菌线-A,DEMO-TEAM-ASEPTIC-A-X01,POS-LOGISTICS,物料配送岗,在岗,10,94.0,True,synthetic_demo
DEMO-XEMP-ASEPTIC-A-X02-01,赵晓峰,SX,陕西厂,ASEPTIC-A,无菌线-A,DEMO-TEAM-ASEPTIC-A-X02,POS-ASEPTIC,无菌操作岗,在岗,6,77.0,True,synthetic_demo
DEMO-XEMP-ASEPTIC-A-X02-02,赵佳怡,SX,陕西厂,ASEPTIC-A,无菌线-A,DEMO-TEAM-ASEPTIC-A-X02,POS-PACK,塑包机岗,在岗,3,68.0,False,synthetic_demo
DEMO-XEMP-ASEPTIC-A-X02-03,赵浩然,SX,陕西厂,ASEPTIC-A,无菌线-A,DEMO-TEAM-ASEPTIC-A-X02,POS-QUALITY,质量抽检岗,在岗,14,82.0,True,synthetic_demo
DEMO-XEMP-ASEPTIC-A-X02-04,赵雨欣,SX,陕西厂,ASEPTIC-A,无菌线-A,DEMO-TEAM-ASEPTIC-A-X02,POS-LOGISTICS,物料配送岗,在岗,13,69.0,True,synthetic_demo
DEMO-XEMP-ASEPTIC-A-X03-01,黄志强,SX,陕西厂,ASEPTIC-A,无菌线-A,DEMO-TEAM-ASEPTIC-A-X03,POS-ASEPTIC,无菌操作岗,在岗,4,91.0,True,synthetic_demo
DEMO-XEMP-ASEPTIC-A-X03-02,黄建华,SX,陕西厂,ASEPTIC-A,无菌线-A,DEMO-TEAM-ASEPTIC-A-X03,POS-PACK,塑包机岗,在岗,6,71.0,False,synthetic_demo
DEMO-XEMP-ASEPTIC-A-X03-03,黄明远,SX,陕西厂,ASEPTIC-A,无菌线-A,DEMO-TEAM-ASEPTIC-A-X03,POS-QUALITY,质量抽检岗,在岗,12,85.0,True,synthetic_demo
DEMO-XEMP-ASEPTIC-A-X03-04,黄燕玲,SX,陕西厂,ASEPTIC-A,无菌线-A,DEMO-TEAM-ASEPTIC-A-X03,POS-LOGISTICS,物料配送岗,在岗,9,81.0,True,synthetic_demo
DEMO-XEMP-ASEPTIC-A-X04-01,黄晓峰,SX,陕西厂,ASEPTIC-A,无菌线-A,DEMO-TEAM-ASEPTIC-A-X04,POS-ASEPTIC,无菌操作岗,在岗,12,59.0,True,synthetic_demo
DEMO-XEMP-ASEPTIC-A-X04-02,黄佳怡,SX,陕西厂,ASEPTIC-A,无菌线-A,DEMO-TEAM-ASEPTIC-A-X04,POS-PACK,塑包机岗,在岗,6,86.0,False,synthetic_demo
DEMO-XEMP-ASEPTIC-A-X04-03,黄浩然,SX,陕西厂,ASEPTIC-A,无菌线-A,DEMO-TEAM-ASEPTIC-A-X04,POS-QUALITY,质量抽检岗,在岗,13,83.0,True,synthetic_demo
DEMO-XEMP-ASEPTIC-A-X04-04,黄雨欣,SX,陕西厂,ASEPTIC-A,无菌线-A,DEMO-TEAM-ASEPTIC-A-X04,POS-LOGISTICS,物料配送岗,在岗,9,68.0,True,synthetic_demo
DEMO-EMP-ASEPTIC-B-1-1,韩沐阳,SX,陕西厂,ASEPTIC-B,无菌线-B,DEMO-TEAM-ASEPTIC-B-1,POS-ASEPTIC,无菌操作岗,在岗,8,80.0,True,synthetic_demo
DEMO-EMP-ASEPTIC-B-1-2,唐依诺,SX,陕西厂,ASEPTIC-B,无菌线-B,DEMO-TEAM-ASEPTIC-B-1,POS-PACK,塑包机岗,在岗,9,84.0,True,synthetic_demo
DEMO-EMP-ASEPTIC-B-2-1,冯睿哲,SX,陕西厂,ASEPTIC-B,无菌线-B,DEMO-TEAM-ASEPTIC-B-2,POS-ASEPTIC,无菌操作岗,在岗,10,84.0,True,synthetic_demo
DEMO-EMP-ASEPTIC-B-2-2,于佳宁,SX,陕西厂,ASEPTIC-B,无菌线-B,DEMO-TEAM-ASEPTIC-B-2,POS-PACK,塑包机岗,在岗,11,88.0,True,synthetic_demo
DEMO-EMP-ASEPTIC-B-3-1,董子谦,SX,陕西厂,ASEPTIC-B,无菌线-B,DEMO-TEAM-ASEPTIC-B-3,POS-ASEPTIC,无菌操作岗,在岗,12,88.0,True,synthetic_demo
DEMO-EMP-ASEPTIC-B-3-2,萧雨晴,SX,陕西厂,ASEPTIC-B,无菌线-B,DEMO-TEAM-ASEPTIC-B-3,POS-PACK,塑包机岗,在岗,13,92.0,True,synthetic_demo
DEMO-XEMP-ASEPTIC-B-X01-01,周志强,SX,陕西厂,ASEPTIC-B,无菌线-B,DEMO-TEAM-ASEPTIC-B-X01,POS-ASEPTIC,无菌操作岗,在岗,7,72.0,False,synthetic_demo
DEMO-XEMP-ASEPTIC-B-X01-02,周建华,SX,陕西厂,ASEPTIC-B,无菌线-B,DEMO-TEAM-ASEPTIC-B-X01,POS-PACK,塑包机岗,在岗,3,70.0,True,synthetic_demo
DEMO-XEMP-ASEPTIC-B-X01-03,周明远,SX,陕西厂,ASEPTIC-B,无菌线-B,DEMO-TEAM-ASEPTIC-B-X01,POS-QUALITY,质量抽检岗,在岗,3,64.0,True,synthetic_demo
DEMO-XEMP-ASEPTIC-B-X01-04,周燕玲,SX,陕西厂,ASEPTIC-B,无菌线-B,DEMO-TEAM-ASEPTIC-B-X01,POS-LOGISTICS,物料配送岗,在岗,3,70.0,True,synthetic_demo
DEMO-XEMP-ASEPTIC-B-X02-01,周晓峰,SX,陕西厂,ASEPTIC-B,无菌线-B,DEMO-TEAM-ASEPTIC-B-X02,POS-ASEPTIC,无菌操作岗,在岗,8,75.0,False,synthetic_demo
DEMO-XEMP-ASEPTIC-B-X02-02,周佳怡,SX,陕西厂,ASEPTIC-B,无菌线-B,DEMO-TEAM-ASEPTIC-B-X02,POS-PACK,塑包机岗,在岗,9,59.0,True,synthetic_demo
DEMO-XEMP-ASEPTIC-B-X02-03,周浩然,SX,陕西厂,ASEPTIC-B,无菌线-B,DEMO-TEAM-ASEPTIC-B-X02,POS-QUALITY,质量抽检岗,在岗,4,92.0,True,synthetic_demo
DEMO-XEMP-ASEPTIC-B-X02-04,周雨欣,SX,陕西厂,ASEPTIC-B,无菌线-B,DEMO-TEAM-ASEPTIC-B-X02,POS-LOGISTICS,物料配送岗,在岗,7,67.0,True,synthetic_demo
DEMO-XEMP-ASEPTIC-B-X03-01,吴志强,SX,陕西厂,ASEPTIC-B,无菌线-B,DEMO-TEAM-ASEPTIC-B-X03,POS-ASEPTIC,无菌操作岗,在岗,7,61.0,False,synthetic_demo
DEMO-XEMP-ASEPTIC-B-X03-02,吴建华,SX,陕西厂,ASEPTIC-B,无菌线-B,DEMO-TEAM-ASEPTIC-B-X03,POS-PACK,塑包机岗,在岗,3,70.0,True,synthetic_demo
DEMO-XEMP-ASEPTIC-B-X03-03,吴明远,SX,陕西厂,ASEPTIC-B,无菌线-B,DEMO-TEAM-ASEPTIC-B-X03,POS-QUALITY,质量抽检岗,在岗,5,62.0,True,synthetic_demo
DEMO-XEMP-ASEPTIC-B-X03-04,吴燕玲,SX,陕西厂,ASEPTIC-B,无菌线-B,DEMO-TEAM-ASEPTIC-B-X03,POS-LOGISTICS,物料配送岗,在岗,11,78.0,True,synthetic_demo
DEMO-XEMP-ASEPTIC-B-X04-01,吴晓峰,SX,陕西厂,ASEPTIC-B,无菌线-B,DEMO-TEAM-ASEPTIC-B-X04,POS-ASEPTIC,无菌操作岗,在岗,2,85.0,False,synthetic_demo
DEMO-XEMP-ASEPTIC-B-X04-02,吴佳怡,SX,陕西厂,ASEPTIC-B,无菌线-B,DEMO-TEAM-ASEPTIC-B-X04,POS-PACK,塑包机岗,在岗,14,66.0,True,synthetic_demo
DEMO-XEMP-ASEPTIC-B-X04-03,吴浩然,SX,陕西厂,ASEPTIC-B,无菌线-B,DEMO-TEAM-ASEPTIC-B-X04,POS-QUALITY,质量抽检岗,在岗,6,90.0,True,synthetic_demo
DEMO-XEMP-ASEPTIC-B-X04-04,吴雨欣,SX,陕西厂,ASEPTIC-B,无菌线-B,DEMO-TEAM-ASEPTIC-B-X04,POS-LOGISTICS,物料配送岗,在岗,7,80.0,True,synthetic_demo
DEMO-EMP-ASEPTIC-C-1-1,程嘉树,SX,陕西厂,ASEPTIC-C,无菌线-C,DEMO-TEAM-ASEPTIC-C-1,POS-ASEPTIC,无菌操作岗,在岗,4,80.0,True,synthetic_demo
DEMO-EMP-ASEPTIC-C-1-2,曹语彤,SX,陕西厂,ASEPTIC-C,无菌线-C,DEMO-TEAM-ASEPTIC-C-1,POS-PACK,塑包机岗,在岗,5,84.0,True,synthetic_demo
DEMO-EMP-ASEPTIC-C-2-1,袁景澄,SX,陕西厂,ASEPTIC-C,无菌线-C,DEMO-TEAM-ASEPTIC-C-2,POS-ASEPTIC,无菌操作岗,在岗,6,84.0,True,synthetic_demo
DEMO-EMP-ASEPTIC-C-2-2,邓书瑶,SX,陕西厂,ASEPTIC-C,无菌线-C,DEMO-TEAM-ASEPTIC-C-2,POS-PACK,塑包机岗,在岗,7,88.0,True,synthetic_demo
DEMO-EMP-ASEPTIC-C-3-1,许皓然,SX,陕西厂,ASEPTIC-C,无菌线-C,DEMO-TEAM-ASEPTIC-C-3,POS-ASEPTIC,无菌操作岗,在岗,8,88.0,True,synthetic_demo
DEMO-EMP-ASEPTIC-C-3-2,沈清禾,SX,陕西厂,ASEPTIC-C,无菌线-C,DEMO-TEAM-ASEPTIC-C-3,POS-PACK,塑包机岗,在岗,9,92.0,True,synthetic_demo
DEMO-XEMP-ASEPTIC-C-X01-01,徐志强,SX,陕西厂,ASEPTIC-C,无菌线-C,DEMO-TEAM-ASEPTIC-C-X01,POS-ASEPTIC,无菌操作岗,在岗,15,76.0,True,synthetic_demo
DEMO-XEMP-ASEPTIC-C-X01-02,徐建华,SX,陕西厂,ASEPTIC-C,无菌线-C,DEMO-TEAM-ASEPTIC-C-X01,POS-PACK,塑包机岗,在岗,12,79.0,True,synthetic_demo
DEMO-XEMP-ASEPTIC-C-X01-03,徐明远,SX,陕西厂,ASEPTIC-C,无菌线-C,DEMO-TEAM-ASEPTIC-C-X01,POS-QUALITY,质量抽检岗,在岗,4,87.0,True,synthetic_demo
DEMO-XEMP-ASEPTIC-C-X01-04,徐燕玲,SX,陕西厂,ASEPTIC-C,无菌线-C,DEMO-TEAM-ASEPTIC-C-X01,POS-LOGISTICS,物料配送岗,在岗,2,98.0,True,synthetic_demo
DEMO-XEMP-ASEPTIC-C-X02-01,徐晓峰,SX,陕西厂,ASEPTIC-C,无菌线-C,DEMO-TEAM-ASEPTIC-C-X02,POS-ASEPTIC,无菌操作岗,在岗,13,68.0,True,synthetic_demo
DEMO-XEMP-ASEPTIC-C-X02-02,徐佳怡,SX,陕西厂,ASEPTIC-C,无菌线-C,DEMO-TEAM-ASEPTIC-C-X02,POS-PACK,塑包机岗,在岗,3,73.0,True,synthetic_demo
DEMO-XEMP-ASEPTIC-C-X02-03,徐浩然,SX,陕西厂,ASEPTIC-C,无菌线-C,DEMO-TEAM-ASEPTIC-C-X02,POS-QUALITY,质量抽检岗,在岗,2,89.0,True,synthetic_demo
DEMO-XEMP-ASEPTIC-C-X02-04,徐雨欣,SX,陕西厂,ASEPTIC-C,无菌线-C,DEMO-TEAM-ASEPTIC-C-X02,POS-LOGISTICS,物料配送岗,在岗,10,84.0,True,synthetic_demo
DEMO-XEMP-ASEPTIC-C-X03-01,孙志强,SX,陕西厂,ASEPTIC-C,无菌线-C,DEMO-TEAM-ASEPTIC-C-X03,POS-ASEPTIC,无菌操作岗,在岗,7,97.0,True,synthetic_demo
DEMO-XEMP-ASEPTIC-C-X03-02,孙建华,SX,陕西厂,ASEPTIC-C,无菌线-C,DEMO-TEAM-ASEPTIC-C-X03,POS-PACK,塑包机岗,在岗,5,96.0,True,synthetic_demo
DEMO-XEMP-ASEPTIC-C-X03-03,孙明远,SX,陕西厂,ASEPTIC-C,无菌线-C,DEMO-TEAM-ASEPTIC-C-X03,POS-QUALITY,质量抽检岗,在岗,4,99.0,True,synthetic_demo
DEMO-XEMP-ASEPTIC-C-X03-04,孙燕玲,SX,陕西厂,ASEPTIC-C,无菌线-C,DEMO-TEAM-ASEPTIC-C-X03,POS-LOGISTICS,物料配送岗,在岗,13,69.0,True,synthetic_demo
DEMO-XEMP-ASEPTIC-C-X04-01,孙晓峰,SX,陕西厂,ASEPTIC-C,无菌线-C,DEMO-TEAM-ASEPTIC-C-X04,POS-ASEPTIC,无菌操作岗,在岗,11,73.0,True,synthetic_demo
DEMO-XEMP-ASEPTIC-C-X04-02,孙佳怡,SX,陕西厂,ASEPTIC-C,无菌线-C,DEMO-TEAM-ASEPTIC-C-X04,POS-PACK,塑包机岗,在岗,6,89.0,True,synthetic_demo
DEMO-XEMP-ASEPTIC-C-X04-03,孙浩然,SX,陕西厂,ASEPTIC-C,无菌线-C,DEMO-TEAM-ASEPTIC-C-X04,POS-QUALITY,质量抽检岗,在岗,7,74.0,True,synthetic_demo
DEMO-XEMP-ASEPTIC-C-X04-04,孙雨欣,SX,陕西厂,ASEPTIC-C,无菌线-C,DEMO-TEAM-ASEPTIC-C-X04,POS-LOGISTICS,物料配送岗,在岗,13,78.0,True,synthetic_demo
