team_id,name,team_category,factory_code,line_id,line_name,primary_position_id,description,source_type
DEMO-TEAM-PET-01-1,PET-01 甲班,轮转生产班组,HB,PET-01,PET-01,POS-FILL,,synthetic_demo
DEMO-TEAM-PET-01-2,PET-01 乙班,轮转生产班组,HB,PET-01,PET-01,POS-FILL,,synthetic_demo
DEMO-TEAM-PET-01-3,PET-01 丙班,轮转生产班组,HB,PET-01,PET-01,POS-FILL,,synthetic_demo
DEMO-TEAM-PET-01-X01,PET-01 增援班组,增援班组,HB,PET-01,PET-01,POS-FILL,本机合成扩充班组；成员、技能和资格均由固定规则生成。,synthetic_demo
DEMO-TEAM-PET-01-X02,PET-01 技能协同班组,技能协同班组,HB,PET-01,PET-01,POS-FILL,本机合成扩充班组；成员、技能和资格均由固定规则生成。,synthetic_demo
DEMO-TEAM-PET-01-X03,PET-01 夜班保障班组,夜班保障班组,HB,PET-01,PET-01,POS-FILL,本机合成扩充班组；成员、技能和资格均由固定规则生成。,synthetic_demo
DEMO-TEAM-PET-01-X04,PET-01 机动替班班组,机动替班班组,HB,PET-01,PET-01,POS-FILL,本机合成扩充班组；成员、技能和资格均由固定规则生成。,synthetic_demo
DEMO-TEAM-PET-02-1,PET-02 甲班,轮转生产班组,HB,PET-02,PET-02,POS-FILL,,synthetic_demo
DEMO-TEAM-PET-02-2,PET-02 乙班,轮转生产班组,HB,PET-02,PET-02,POS-FILL,,synthetic_demo
DEMO-TEAM-PET-02-3,PET-02 丙班,轮转生产班组,HB,PET-02,PET-02,POS-FILL,,synthetic_demo
DEMO-TEAM-PET-02-X01,PET-02 增援班组,增援班组,HB,PET-02,PET-02,POS-FILL,本机合成扩充班组；成员、技能和资格均由固定规则生成。,synthetic_demo
DEMO-TEAM-PET-02-X02,PET-02 技能协同班组,技能协同班组,HB,PET-02,PET-02,POS-FILL,本机合成扩充班组；成员、技能和资格均由固定规则生成。,synthetic_demo
DEMO-TEAM-PET-02-X03,PET-02 夜班保障班组,夜班保障班组,HB,PET-02,PET-02,POS-FILL,本机合成扩充班组；成员、技能和资格均由固定规则生成。,synthetic_demo
DEMO-TEAM-PET-02-X04,PET-02 机动替班班组,机动替班班组,HB,PET-02,PET-02,POS-FILL,本机合成扩充班组；成员、技能和资格均由固定规则生成。,synthetic_demo
DEMO-TEAM-PET-03-1,PET-03 甲班,轮转生产班组,HB,PET-03,PET-03,POS-FILL,,synthetic_demo
DEMO-TEAM-PET-03-2,PET-03 乙班,轮转生产班组,HB,PET-03,PET-03,POS-FILL,,synthetic_demo
DEMO-TEAM-PET-03-3,PET-03 丙班,轮转生产班组,HB,PET-03,PET-03,POS-FILL,,synthetic_demo
DEMO-TEAM-PET-03-X01,PET-03 增援班组,增援班组,HB,PET-03,PET-03,POS-FILL,本机合成扩充班组；成员、技能和资格均由固定规则生成。,synthetic_demo
DEMO-TEAM-PET-03-X02,PET-03 技能协同班组,技能协同班组,HB,PET-03,PET-03,POS-FILL,本机合成扩充班组；成员、技能和资格均由固定规则生成。,synthetic_demo
DEMO-TEAM-PET-03-X03,PET-03 夜班保障班组,夜班保障班组,HB,PET-03,PET-03,POS-FILL,本机合成扩充班组；成员、技能和资格均由固定规则生成。,synthetic_demo
DEMO-TEAM-PET-03-X04,PET-03 机动替班班组,机动替班班组,HB,PET-03,PET-03,POS-FILL,本机合成扩充班组；成员、技能和资格均由固定规则生成。,synthetic_demo
DEMO-TEAM-ASEPTIC-A-1,无菌线-A 甲班,轮转生产班组,SX,ASEPTIC-A,无菌线-A,POS-ASEPTIC,,synthetic_demo
DEMO-TEAM-ASEPTIC-A-2,无菌线-A 乙班,轮转生产班组,SX,ASEPTIC-A,无菌线-A,POS-ASEPTIC,,synthetic_demo
DEMO-TEAM-ASEPTIC-A-3,无菌线-A 丙班,轮转生产班组,SX,ASEPTIC-A,无菌线-A,POS-ASEPTIC,,synthetic_demo
DEMO-TEAM-ASEPTIC-A-X01,无菌线-A 增援班组,增援班组,SX,ASEPTIC-A,无菌线-A,POS-ASEPTIC,本机合成扩充班组；成员、技能和资格均由固定规则生成。,synthetic_demo
DEMO-TEAM-ASEPTIC-A-X02,无菌线-A 技能协同班组,技能协同班组,SX,ASEPTIC-A,无菌线-A,POS-ASEPTIC,本机合成扩充班组；成员、技能和资格均由固定规则生成。,synthetic_demo
DEMO-TEAM-ASEPTIC-A-X03,无菌线-A 夜班保障班组,夜班保障班组,SX,ASEPTIC-A,无菌线-A,POS-ASEPTIC,本机合成扩充班组；成员、技能和资格均由固定规则生成。,synthetic_demo
DEMO-TEAM-ASEPTIC-A-X04,无菌线-A 机动替班班组,机动替班班组,SX,ASEPTIC-A,无菌线-A,POS-ASEPTIC,本机合成扩充班组；成员、技能和资格均由固定规则生成。,synthetic_demo
DEMO-TEAM-ASEPTIC-B-1,无菌线-B 甲班,轮转生产班组,SX,ASEPTIC-B,无菌线-B,POS-ASEPTIC,,synthetic_demo
DEMO-TEAM-ASEPTIC-B-2,无菌线-B 乙班,轮转生产班组,SX,ASEPTIC-B,无菌线-B,POS-ASEPTIC,,synthetic_demo
DEMO-TEAM-ASEPTIC-B-3,无菌线-B 丙班,轮转生产班组,SX,ASEPTIC-B,无菌线-B,POS-ASEPTIC,,synthetic_demo
DEMO-TEAM-ASEPTIC-B-X01,无菌线-B 增援班组,增援班组,SX,ASEPTIC-B,无菌线-B,POS-ASEPTIC,本机合成扩充班组；成员、技能和资格均由固定规则生成。,synthetic_demo
DEMO-TEAM-ASEPTIC-B-X02,无菌线-B 技能协同班组,技能协同班组,SX,ASEPTIC-B,无菌线-B,POS-ASEPTIC,本机合成扩充班组；成员、技能和资格均由固定规则生成。,synthetic_demo
DEMO-TEAM-ASEPTIC-B-X03,无菌线-B 夜班保障班组,夜班保障班组,SX,ASEPTIC-B,无菌线-B,POS-ASEPTIC,本机合成扩充班组；成员、技能和资格均由固定规则生成。,synthetic_demo
DEMO-TEAM-ASEPTIC-B-X04,无菌线-B 机动替班班组,机动替班班组,SX,ASEPTIC-B,无菌线-B,POS-ASEPTIC,本机合成扩充班组；成员、技能和资格均由固定规则生成。,synthetic_demo
DEMO-TEAM-ASEPTIC-C-1,无菌线-C 甲班,轮转生产班组,SX,ASEPTIC-C,无菌线-C,POS-ASEPTIC,,synthetic_demo
DEMO-TEAM-ASEPTIC-C-2,无菌线-C 乙班,轮转生产班组,SX,ASEPTIC-C,无菌线-C,POS-ASEPTIC,,synthetic_demo
DEMO-TEAM-ASEPTIC-C-3,无菌线-C 丙班,轮转生产班组,SX,ASEPTIC-C,无菌线-C,POS-ASEPTIC,,synthetic_demo
DEMO-TEAM-ASEPTIC-C-X01,无菌线-C 增援班组,增援班组,SX,ASEPTIC-C,无菌线-C,POS-ASEPTIC,本机合成扩充班组；成员、技能和资格均由固定规则生成。,synthetic_demo
DEMO-TEAM-ASEPTIC-C-X02,无菌线-C 技能协同班组,技能协同班组,SX,ASEPTIC-C,无菌线-C,POS-ASEPTIC,本机合成扩充班组；成员、技能和资格均由固定规则生成。,synthetic_demo
DEMO-TEAM-ASEPTIC-C-X03,无菌线-C 夜班保障班组,夜班保障班组,SX,ASEPTIC-C,无菌线-C,POS-ASEPTIC,本机合成扩充班组；成员、技能和资格均由固定规则生成。,synthetic_demo
DEMO-TEAM-ASEPTIC-C-X04,无菌线-C 机动替班班组,机动替班班组,SX,ASEPTIC-C,无菌线-C,POS-ASEPTIC,本机合成扩充班组；成员、技能和资格均由固定规则生成。,synthetic_demo
